objectid,fire_year,discovery_doy,fire_size,latitude,longitude
1500256,2011,152,0.3,44.280840000000005,-85.17716
1500257,2011,88,0.1,42.001463,-83.215159
1500258,2011,124,0.3,44.88075,-84.30928
1500259,2011,210,0.1,45.176320000000004,-84.3422
1500260,2011,243,0.4,43.233129999999996,-86.33554000000001
1500261,2011,105,0.6,43.706856,-86.498323
1500262,2011,124,0.3,43.61672,-86.17269
1500263,2011,105,3.4,44.36358,-84.34097
1500264,2011,210,1.5,46.43605,-87.57299
1500265,2011,213,3.2,46.713874,-87.80762299999999
1500266,2011,215,0.1,46.40283,-87.83355
1500267,2011,215,0.1,46.51214,-87.56344
1500268,2011,222,0.1,46.61785,-87.48361
1500269,2011,234,29.2,46.818090999999995,-87.867593
1500270,2011,250,0.3,46.07639,-87.47823000000001
1500271,2011,105,3.6,46.05687,-88.04536
1500272,2011,115,8.0,45.90063,-88.07474
1500273,2011,128,0.5,45.925909999999995,-88.10991
1500274,2011,128,6.7,45.82829,-87.8933
1500275,2011,129,1.1,45.8391,-88.00166
1500276,2011,152,1.0,46.21738,-87.96793000000001
1500277,2011,238,0.5,45.71487,-84.90345
1500278,2011,105,1.0,44.0202,-84.44735
1500279,2011,128,2.0,44.15307,-84.5542
1500280,2011,131,1.0,44.02149,-84.3178
1500281,2011,121,5.7,44.315909999999995,-84.23881999999999
1500282,2011,152,4.0,44.00183,-85.11143
1500283,2011,255,0.1,46.862320000000004,-87.75253000000001
1500284,2011,294,0.1,46.5092,-87.42299999999999
1500285,2011,233,5.0,44.75036,-84.27552
1500286,2011,129,1.2,45.03629,-84.77094
1500287,2011,130,0.1,45.07022,-84.72485
1500288,2011,137,0.1,45.03448,-84.6922
1500289,2011,142,0.1,45.109759999999994,-84.687885
1500290,2011,142,0.1,45.074036,-84.690503
1500291,2011,152,2.0,44.90336,-84.83665
1500292,2011,97,4.6,45.71373,-87.68811
1500293,2011,206,3.4,45.91819,-87.46987
1500294,2011,121,23.8,44.785759999999996,-84.45141
1500295,2011,121,2.0,44.66853,-84.44479
1500296,2011,136,2.5,44.671440000000004,-84.52625
1500297,2011,142,5.5,44.84115,-84.59913
1500298,2011,206,0.3,45.04558,-84.7325
1500299,2011,99,0.1,45.2385,-83.91719
1500300,2011,166,0.1,45.32398,-84.05856999999999
1500301,2011,137,0.2,44.25091,-84.67894
1500302,2011,149,6.0,44.81906,-84.76054
1500303,2011,158,817.0,44.7152,-84.81057
1500304,2011,158,0.1,44.79652,-84.7732
1500305,2011,166,2.7,44.613459999999996,-84.61532
1500306,2011,213,0.5,44.8255,-84.80587
1500307,2011,210,14.3,44.53494,-84.68719
1500308,2011,105,3.7,45.839009999999995,-87.10764
1500309,2011,241,0.5,46.08038,-87.1842
1500310,2011,254,0.1,46.34401,-85.94498
1500503,2011,151,0.3,44.77945,-85.22436
1500504,2011,185,2.0,44.732997,-85.136292
1500505,2011,213,1.0,44.71331,-85.14041
1500506,2011,281,0.2,47.3371,-88.20309
1500507,2011,281,0.1,44.78255,-85.9446
1500508,2011,248,0.1,46.65205,-85.53864
1500509,2011,258,0.3,46.47429,-85.27635
1500510,2011,195,1.2,46.120509999999996,-85.58051
1500511,2011,310,66.0,42.518229999999996,-85.9544
1500512,2011,97,1.0,45.06723,-83.68791
1500513,2011,120,2.0,45.12891,-83.63649000000001
1500514,2011,103,1.0,44.99215,-85.08234
1500515,2011,290,1.6,44.08428,-83.92652
1500516,2011,223,0.2,46.86315,-88.06995
1500517,2011,103,6.0,42.63261,-85.3514
1500518,2011,125,26.6,46.455277,-84.214261
1500519,2011,129,3.0,46.60584,-85.13908
1500520,2011,184,0.1,45.97549,-84.08244
1500521,2011,102,2.1,43.98291,-84.75941
1500522,2011,103,18.2,44.005109999999995,-84.99887
1500523,2011,152,0.1,44.13844,-84.52580999999999
1500524,2011,213,0.9,43.989290000000004,-84.57274
1500525,2011,105,9.9,46.03848,-88.63889
1500526,2011,147,1.1,46.22337,-88.29921
1500527,2011,237,1.0,46.11136,-88.39573
1500528,2011,128,1.5,46.052440000000004,-87.48306
1500529,2011,129,2.0,46.27625,-88.0452
1500530,2011,158,0.1,46.282295,-87.421474
1500531,2011,159,1.0,46.42393,-87.65809
1500532,2011,99,1.0,44.73304,-83.34501999999999
1500533,2011,99,4.0,44.59462,-83.37919000000001
1500534,2011,125,1.0,44.856809999999996,-83.48413000000001
1500535,2011,170,1.0,44.64739,-83.30665
1500536,2011,195,7.1,44.66465,-83.62889
1500537,2011,345,2.0,44.64284,-83.49843
1500538,2011,108,0.2,43.94449,-84.64631999999999
1500539,2011,137,0.2,44.03125,-84.75488
1500540,2011,156,0.1,44.06394,-84.74981
1500541,2011,282,2.3,44.07566,-84.81205
1500542,2011,101,0.1,43.64192,-84.46038
1500594,2011,221,18.3,45.92395,-86.37615
1500595,2011,250,0.1,46.27255,-85.87479
1500596,2011,252,0.9,46.09925,-86.05965
1500597,2011,263,0.9,46.50271,-86.33525
1500598,2011,121,0.5,44.17921,-85.46443000000001
1500599,2011,309,3.0,42.330420000000004,-85.32466
1500600,2011,105,20.0,44.773270000000004,-85.13396
1500601,2011,121,13.6,44.53434,-85.0819
1500602,2011,129,152.3,43.9907,-85.6964
1501655,2011,104,0.2,44.041340000000005,-84.81361
1501656,2011,183,2.2,46.5691,-87.48509
1501657,2011,202,1.0,46.603229999999996,-87.65908
1501658,2011,202,0.2,46.31643,-87.37673000000001
1501659,2011,210,58.6,46.61862,-87.82629
1501660,2011,241,6.5,46.611909999999995,-87.46815
1501661,2011,252,0.2,46.178509999999996,-87.31359
1501662,2011,253,1.0,46.60085,-87.4632
1501770,2011,279,0.75,46.315290000000005,-88.09527
1501771,2011,279,12.0,46.62353,-87.90823
1501772,2011,311,1.2,46.51939,-87.9792
1501773,2011,127,2.4,45.7079,-87.39863000000001
1501774,2011,137,1.1,45.68987,-87.70922
1501775,2011,137,0.2,45.68983,-87.70411
1501776,2011,236,1.0,45.65722,-87.43996
1501777,2011,251,0.5,45.96859,-87.54292
1501778,2011,282,8.0,45.830211,-87.353116
1501779,2011,99,4.4,43.558679999999995,-84.18645
1501885,2011,100,0.1,43.6419,-84.45942
1501886,2011,105,1.0,43.81256,-84.34876
1501887,2011,152,1.2,43.67337,-84.20898000000001
1501888,2011,210,0.2,43.71656,-84.48421
1501889,2011,286,8.7,43.6328,-84.50341999999999
1501890,2011,105,0.1,44.42685,-85.31785
1501891,2011,128,2.0,45.0324,-84.02271999999999
1501892,2011,261,2.0,45.079409999999996,-84.07315
1501968,2011,156,2.4,43.47659,-86.17433
1501969,2011,121,11.4,44.37056,-84.27301999999999
1501970,2011,105,0.1,43.87358,-85.38776999999999
1501971,2011,241,8.6,44.01956,-85.15769
1501972,2011,129,1.0,45.08124,-84.66948000000001
1501973,2011,130,0.2,45.06848,-84.72466
1501974,2011,137,2.0,44.91148,-84.7061
1502038,2011,142,0.1,45.110921999999995,-84.68737
1502039,2011,281,10.2,45.089009999999995,-84.38829
1502040,2011,282,0.5,45.0728,-84.79372
1502041,2011,105,11.2,45.249790000000004,-83.98592
1502042,2011,177,0.8,45.20712,-84.0972
1502043,2011,129,0.2,44.33495,-84.8538
1502044,2011,141,0.2,44.28148,-84.49384
1502045,2011,152,0.1,44.38517,-84.61312
1502046,2011,223,0.5,44.1997,-84.78989
1502047,2011,184,0.1,46.43805,-86.071905
1570683,2012,167,0.1,44.04166667,-86.11972222
1570684,2012,198,0.25,43.42805556,-85.75527778
1570685,2012,98,0.1,43.45361111,-85.67083333
1570686,2012,114,3.0,43.44666667,-85.64333333
1570687,2012,334,0.1,43.45416667,-85.58555556
1570688,2012,141,21.0,43.69972222,-85.87611111
1570689,2012,299,0.1,43.95416667,-86.10083333
1570690,2012,145,0.1,43.6125,-85.65277778
1570691,2012,73,0.8,43.5225,-85.84972222
1570692,2012,85,0.1,44.31861111,-83.67472222
1570693,2012,149,0.1,43.47166667,-85.68277778
1570694,2012,104,0.1,44.33222222,-83.66888889
1570695,2012,179,0.1,44.15277778,-86.31638889
1570696,2012,302,0.1,44.28111111,-83.47222222
1570697,2012,104,0.3,44.50333333,-83.79972222
1570698,2012,193,0.25,43.88694444,-85.79444444
1570699,2012,299,0.1,44.29444444,-85.77277778
1570700,2012,182,0.1,44.50416667,-84.12777778
1570701,2012,132,0.25,44.05444444,-85.86638889
1570702,2012,302,0.1,44.38055556,-83.76916667
1570703,2012,99,0.1,43.71222222,-85.86638889
1570704,2012,238,0.25,44.17805556,-86.35861111
1570705,2012,75,0.25,43.87722222,-85.85138889
1570706,2012,112,0.1,44.11416667,-85.97138889
1570707,2012,145,0.25,44.64277778,-84.24333333
1570708,2012,133,0.25,43.9,-85.73305556
1570709,2012,285,0.1,44.18777778,-83.7225
1570710,2012,141,0.25,44.21055556,-85.95444444
1570711,2012,235,0.1,44.21388889,-85.95611111
1570712,2012,132,0.25,44.48083333,-83.84083333
1570713,2012,99,0.1,44.23972222,-83.67083333
1570714,2012,80,0.25,43.41,-85.59083333
1570715,2012,120,0.1,43.67666667,-85.77527778
1570716,2012,263,0.82,43.39611111,-85.69222222
1570717,2012,103,5.8,44.47722222,-83.97777778
1570718,2012,98,4.7,43.92555556,-85.89972222
1570719,2012,80,0.01,44.36638889,-85.82472222
1570720,2012,99,0.5,43.86416667,-85.81111111
1570721,2012,77,1.5,43.93416667,-85.84972222
1570722,2012,77,0.1,43.67,-85.63305556
1570723,2012,132,0.25,44.31277778,-83.39583333
1570724,2012,99,0.1,44.62305556,-84.2775
1570725,2012,74,2.5,44.32222222,-86.04555556
1570726,2012,192,0.1,44.65805556,-84.09305556
1570727,2012,104,0.1,44.26638889,-83.64972222
1570728,2012,167,0.1,44.58916667,-84.12972222
1570729,2012,245,0.2,43.5275,-85.825
1570730,2012,259,0.1,44.05194444,-86.15027778
1570731,2012,227,0.1,44.09416667,-86.41027778
1570732,2012,193,5.0,44.33138889,-83.82166667
1570733,2012,86,3.0,44.63944444,-83.63861111
1570734,2012,114,0.1,44.57694444,-84.08305556
1570735,2012,163,2.5,43.51388889,-85.86027778
1570736,2012,218,1.4,44.45361111,-83.68305556
1570737,2012,115,0.1,43.9725,-86.1575
1570738,2012,243,0.26,44.09027778,-85.98555556
1570739,2012,86,0.5,43.59888889,-85.66222222
1570740,2012,134,0.25,44.51416667,-84.13666667
1570741,2012,141,0.25,44.64777778,-84.23722222
1570742,2012,75,0.25,44.13916667,-85.88444444
1570743,2012,199,0.25,43.38777778,-85.75222222
1570744,2012,97,1.0,43.56777778,-85.85361111
1570745,2012,86,0.1,44.44111111,-83.67583333
1570746,2012,181,0.1,43.50111111,-85.65638889
1570747,2012,93,0.1,43.435,-85.68638889
1570748,2012,276,0.1,43.75666667,-85.72694444
1570749,2012,192,0.2,44.39527778,-83.78527778
1570750,2012,253,0.1,44.14222222,-86.24361111
1570751,2012,205,25.7,44.66,-83.66861111
1570752,2012,86,0.1,43.87333333,-85.8025
1570753,2012,115,0.1,44.48388889,-83.82527778
1570754,2012,207,0.1,43.88694444,-85.80111111
1570755,2012,299,0.1,44.29444444,-85.77277778
1570756,2012,248,1.5,43.85777778,-85.77277778
1570757,2012,114,0.1,44.56027778,-83.76333333
1570758,2012,277,0.1,44.42944444,-83.40111111
1570759,2012,163,0.1,44.25333333,-86.32222222
1570760,2012,95,0.1,43.89361111,-85.85
1570761,2012,164,0.01,44.14222222,-85.98
1570762,2012,102,0.1,43.48222222,-85.62222222
1570763,2012,145,0.1,44.11277778,-86.25138889
1570764,2012,183,0.5,43.89305556,-85.87055556
1570765,2012,136,0.25,44.51694444,-84.13305556
1570766,2012,140,0.4,44.24361111,-85.92888889
1570767,2012,114,1.0,44.23972222,-86.05055556
1570768,2012,95,0.21,44.45638889,-83.95416667
1570769,2012,93,1.3,44.38777778,-83.78694444
1570770,2012,118,0.1,43.50138889,-85.65694444
1570771,2012,115,0.7,44.45027778,-83.87944444
1570772,2012,81,5.1,44.22583333,-85.90083333
1570773,2012,138,0.1,43.89388889,-85.87194444
1570774,2012,118,0.1,44.39333333,-83.48388889
1570775,2012,156,0.1,44.64277778,-83.62527778
1570776,2012,137,1.0,44.22722222,-86.33361111
1570777,2012,114,0.25,43.55638889,-85.66222222
1570778,2012,180,0.1,44.37777778,-83.80472222
1570779,2012,118,0.1,44.00388889,-85.8375
1570780,2012,259,0.1,44.14,-85.91638889
1570781,2012,78,3.0,43.40833333,-85.57861111
1570782,2012,193,0.5,44.42527778,-83.36
1570783,2012,91,0.1,44.28611111,-83.42416667
1570784,2012,80,0.01,43.86555556,-85.84444444
1570785,2012,120,2.6,43.6775,-86.02305556
1570786,2012,149,1.6,44.30638889,-86.28305556
1570787,2012,77,22.8,44.25277778,-85.94972222
1570788,2012,116,0.1,43.47638889,-85.76722222
1570789,2012,180,1.0,44.21166667,-86.24277778
1570790,2012,135,0.1,44.3275,-83.68666667
1570791,2012,312,0.25,44.30916667,-83.39972222
1570792,2012,142,0.21,43.90055556,-85.79222222
1570793,2012,184,0.1,43.89416667,-85.89388889
1570794,2012,79,3.6,43.40916667,-85.67444444
1570795,2012,304,0.1,43.81555556,-85.96277778
1570796,2012,98,0.5,43.98194444,-86.09972222
1570797,2012,140,0.1,43.56833333,-86.0025
1570798,2012,281,0.1,44.29194444,-83.42583333
1570799,2012,257,0.1,44.22472222,-86.0425
1570800,2012,93,1.8,43.67166667,-85.99972222
1570801,2012,114,1.93,44.12888889,-86.0125
1570802,2012,134,1.25,43.75638889,-85.62916667
1570803,2012,184,0.1,43.56916667,-85.88305556
1570804,2012,189,0.25,44.48416667,-83.63583333
1570805,2012,71,3.0,43.43916667,-85.70166667
1570806,2012,71,0.1,43.89861111,-85.79527778
1570807,2012,197,17.0,44.35472222,-83.56722222
1570808,2012,104,0.1,43.73583333,-85.77027778
1570809,2012,150,0.01,44.25305556,-85.81027778
1570810,2012,75,0.1,44.32361111,-83.38583333
1570811,2012,144,0.1,44.17944444,-85.91861111
1570812,2012,147,0.2,44.34138889,-83.63361111
1570813,2012,80,0.75,43.92833333,-85.855
1570814,2012,183,0.1,44.21333333,-85.78416667
1570815,2012,87,1.3,43.40861111,-85.76972222
1570816,2012,77,0.5,44.68138889,-84.21638889
1570817,2012,181,0.5,44.34027778,-83.66666667
1570818,2012,244,0.1,44.28833333,-83.47472222
1570819,2012,99,22.0,44.28166667,-83.75833333
1570820,2012,272,0.1,44.22944444,-86.18305556
1570821,2012,95,1.0,44.24583333,-86.16833333
1570822,2012,97,0.1,43.99611111,-86.08472222
1570823,2012,148,0.1,44.0825,-86.41361111
1570824,2012,178,0.5,43.66361111,-85.67111111
1570825,2012,116,820.0,44.56611111,-84.10333333
1570826,2012,94,0.1,44.50333333,-83.79972222
1570827,2012,74,0.25,44.30722222,-85.69972222
1570828,2012,114,0.25,43.45416667,-85.60694444
1570829,2012,216,0.1,44.3375,-83.80388889
1570830,2012,120,0.25,43.4675,-85.82361111
1570831,2012,275,2.0,44.33805556,-83.37527778
1570832,2012,280,0.1,44.09555556,-86.41944444
1570833,2012,112,1.0,44.44611111,-83.86861111
1570834,2012,71,0.1,43.42833333,-85.75888889
1570835,2012,132,1.0,44.18333333,-86.30138889
1570836,2012,113,0.85,44.18388889,-85.76638889
1570837,2012,101,0.1,44.55527778,-83.83888889
1570838,2012,131,0.5,43.89333333,-85.85111111
1570839,2012,78,0.5,43.47944444,-85.71111111
1570840,2012,10,1.8,44.4075,-83.88361111
1570841,2012,327,2.0,44.23916667,-86.10277778
1570842,2012,86,0.6,44.44916667,-83.76638889
1570843,2012,316,4.0,43.81388889,-85.94972222
1570844,2012,97,0.1,43.53861111,-85.85583333
1570845,2012,135,0.25,44.43527778,-83.47611111
1570846,2012,71,0.1,43.43166667,-85.79527778
1570847,2012,104,0.1,44.15166667,-86.03444444
1570848,2012,114,2.5,44.13833333,-85.94138889
1570849,2012,273,0.1,44.28083333,-83.785
1570850,2012,248,0.6,44.65388889,-83.63388889
1570851,2012,276,0.1,43.95805556,-85.85972222
1570852,2012,88,0.1,44.44611111,-83.86638889
1570853,2012,197,0.1,44.16055556,-86.33027778
1570854,2012,101,0.1,44.48027778,-83.83916667
1570855,2012,147,0.1,44.28527778,-83.80333333
1570856,2012,174,0.1,44.05916667,-85.95083333
1570857,2012,102,0.5,43.44055556,-85.62444444
1570858,2012,103,0.5,43.85611111,-85.98305556
1570859,2012,86,7.1,44.55638889,-83.86222222
1570860,2012,107,0.1,44.45305556,-83.66
1570861,2012,198,0.1,43.88694444,-85.79472222
1570862,2012,93,1.8,43.85166667,-85.94666667
1570863,2012,149,0.1,43.48138889,-85.82055556
1570864,2012,87,12.6,44.45916667,-83.85666667
1570865,2012,184,2.0,44.165,-85.77166667
1570866,2012,86,1.0,44.19305556,-83.6675
1570867,2012,148,0.1,44.08305556,-86.41638889
1570868,2012,302,0.5,44.38861111,-83.785
1570869,2012,211,0.25,44.66916667,-84.11194444
1570870,2012,228,0.1,43.72138889,-85.64166667
1570871,2012,114,0.1,44.5775,-84.07916667
1570872,2012,225,0.1,44.09916667,-86.35583333
1570873,2012,171,0.1,44.20055556,-85.81666667
1570874,2012,132,0.25,43.53277778,-85.76027778
1570875,2012,205,0.1,44.64694444,-83.93333333
1570876,2012,198,0.1,44.21722222,-86.28583333
1570877,2012,221,0.1,44.39972222,-83.80416667
1570878,2012,220,8.1,44.38222222,-83.48305556
1570879,2012,196,1.1,44.2325,-86.325
1570880,2012,276,0.5,44.35916667,-83.61694444
1570881,2012,77,0.5,44.13194444,-85.9675
1570882,2012,135,0.25,44.58055556,-84.0775
1570883,2012,120,2.5,43.84277778,-86.14972222
1570884,2012,78,0.25,43.93472222,-85.85833333
1570885,2012,149,0.1,43.53277778,-85.6825
1570886,2012,99,0.1,44.23222222,-85.8925
1571073,2012,98,53.0,46.28527778,-89.06805556
1571074,2012,139,0.1,46.17611111,-88.85666667
1571075,2012,143,0.1,46.60722222,-89.7625
1571076,2012,104,1.7,46.51416667,-89.12194444
1571077,2012,135,1.1,46.39805556,-89.08666667
1571078,2012,178,0.2,46.20638889,-89.39833333
1571079,2012,146,0.1,46.26638889,-89.26111111
1571080,2012,102,0.1,46.48611111,-88.98083333
1571081,2012,120,0.1,46.24138889,-88.63333333
1571082,2012,150,0.1,46.17222222,-88.98666667
1571083,2012,148,0.1,46.22583333,-89.28694444
1571084,2012,268,0.1,46.13527778,-88.93527778
1571085,2012,229,0.01,46.54194444,-89.93083333
1571086,2012,254,0.2,46.18916667,-89.25416667
1571087,2012,139,0.1,46.17722222,-88.8625
1571088,2012,140,0.1,46.35333333,-88.96
1571089,2012,174,0.1,46.47222222,-89.69888889
1571090,2012,283,29.0,46.36694444,-89.85194444
1571091,2012,145,0.1,46.46694444,-90.15027778
1571092,2012,207,0.2,46.64527778,-90.05055556
1571093,2012,145,0.1,46.27444444,-89.25611111
1571095,2012,278,0.5,46.25,-89.33333333
1571096,2012,140,0.1,46.2525,-89.40722222
1571185,2012,203,0.1,46.55805556,-86.65055556
1571186,2012,192,1.0,46.12222222,-86.56055556
1571187,2012,145,0.22,45.89694444,-86.80416667
1571188,2012,122,2.1,45.91305556,-86.90555556
1571189,2012,80,1.0,46.195,-85.01527778
1571190,2012,202,26.5,46.20638889,-86.65638889
1571191,2012,143,36.8,46.14611111,-86.7075
1571192,2012,117,0.1,45.92472222,-84.90833333
1571193,2012,185,0.2,46.32222222,-84.84166667
1571194,2012,149,0.1,45.42388889,-84.96416667
1571195,2012,227,0.1,46.60388889,-86.26722222
1571196,2012,241,0.1,46.09111111,-84.78694444
1571197,2012,120,0.1,46.20555556,-84.71833333
1571198,2012,160,0.01,45.99,-84.73944444
1571199,2012,136,0.3,46.14055556,-84.94611111
1571200,2012,129,0.1,46.34555556,-84.98611111
1571201,2012,204,0.1,45.98555556,-84.97194444
1571202,2012,163,0.25,46.47805556,-85.10555556
1571203,2012,241,0.01,46.19194444,-85.03166667
1571204,2012,115,0.2,46.19055556,-85.00527778
1571205,2012,115,0.11,46.34555556,-84.96722222
1571206,2012,192,0.01,46.47611111,-84.70277778
1571207,2012,232,0.1,46.22083333,-86.58694444
1571208,2012,135,2.0,46.45861111,-84.6125
1571209,2012,206,0.01,46.2975,-86.65916667
1571210,2012,80,36.0,46.1125,-86.48916667
1571211,2012,185,0.25,46.32222222,-84.84166667
1571212,2012,145,0.33,46.02416667,-87.01944444
1574314,2012,143,5.0,48.0088,-88.9434
1574315,2012,93,0.1,46.7814,-88.4978
1574316,2012,97,0.2,45.6719,-87.3306
1574317,2012,95,0.2,45.6708,-87.3281
1574318,2012,97,1.0,45.6733,-87.3336
1574319,2012,96,0.2,46.7403,-88.5028
1574320,2012,131,0.2,46.4589,-84.62
1574321,2012,136,0.1,46.4492,-84.5983
1574322,2012,140,0.2,46.7653,-88.3764
1574323,2012,155,0.2,46.7617,-88.445
1574324,2012,215,0.2,46.60425,-86.26778
1574325,2012,148,0.1,44.8589,-86.0408
1574326,2012,304,0.6,44.8528,-85.8561
1582679,2012,86,0.1,43.348,-83.884
1582777,2012,142,3400.0,46.2998,-85.9853
1582887,2012,190,0.1,46.2761,-85.9869
1583219,2012,134,125.0,44.395540999999994,-84.303446
1583276,2012,205,0.1,43.390128999999995,-84.01187900000001
1583277,2012,271,0.1,43.390128999999995,-84.01187900000001
1583278,2012,273,0.1,43.390128999999995,-84.01187900000001
1592611,2012,77,0.7,44.517972,-83.327056
1592612,2012,80,40.0,44.66902,-83.61565
1592613,2012,81,2.0,44.68911,-83.55239
1592614,2012,87,1.5,44.610490000000006,-83.60611
1592615,2012,93,3.0,44.8305,-83.60743000000001
1592616,2012,94,1.8,44.6496,-83.33835
1592617,2012,96,0.2,44.6085,-83.52375
1592618,2012,120,0.5,44.64306,-83.49533000000001
1592619,2012,136,0.1,44.602,-83.37629
1592620,2012,167,0.1,44.7635,-83.29614000000001
1592621,2012,181,1.0,44.548683000000004,-83.323667
1592622,2012,203,2.0,44.540420000000005,-83.314
1592623,2012,206,0.3,44.62022,-83.36476
1592624,2012,206,2.0,44.65809,-83.41801
1592625,2012,211,4.8,44.6953,-83.44412
1592626,2012,211,0.4,44.71247,-83.40209
1592627,2012,247,0.2,44.724736,-83.741589
1592630,2012,256,2.0,44.6414,-83.36849000000001
1592718,2012,214,10.0,46.59766,-86.23213
1592720,2012,256,2.4,46.55089,-86.18038
1592920,2012,67,8.2,42.68793,-86.20378000000001
1592921,2012,178,0.3,42.54298,-85.92824
1592922,2012,218,16.7,42.645179999999996,-85.89635
1592923,2012,234,0.1,42.55296,-85.97684
1592924,2012,282,0.1,42.526509999999995,-86.10173
1592925,2012,303,2.3,42.54905,-86.04344
1592926,2012,316,2.0,42.47607,-86.00963
1592927,2012,76,2.0,45.1544,-83.60436999999999
1592928,2012,77,1.3,44.88841,-83.64464
1592930,2012,81,0.1,45.08085,-83.51980999999999
1592932,2012,86,0.8,45.18241,-83.76436
1592933,2012,97,1.0,45.04323,-83.81363
1592934,2012,104,2.0,45.12172,-83.44117
1592936,2012,109,1.0,44.874629999999996,-83.52905
1592937,2012,109,0.2,44.894890000000004,-83.40454
1592938,2012,114,3.6,44.87129,-83.82851
1592939,2012,116,0.8,45.030359999999995,-83.68021
1592940,2012,119,2.0,45.02491,-83.50015
1592941,2012,120,0.1,45.02532,-83.49651
1592942,2012,120,0.3,45.016000000000005,-83.86672
1592944,2012,133,0.5,44.89832,-83.41159
1592945,2012,140,1.0,45.05774,-83.83904
1592946,2012,145,0.7,45.117509999999996,-83.32374
1592947,2012,140,0.2,44.99207,-83.86385
1592948,2012,162,0.5,44.97517,-83.62321
1592949,2012,206,0.8,44.89727,-83.5262
1592950,2012,247,0.2,44.96713,-83.48634
1592951,2012,280,9.9,45.12406,-83.33421
1593034,2012,81,0.5,45.09169,-85.14196
1593036,2012,98,0.3,44.99046,-85.3533
1593039,2012,145,14.7,45.02635,-85.1564
1593042,2012,260,1.0,44.86063,-85.08521
1593204,2012,80,32.5,44.0902,-83.92384
1593206,2012,98,3.6,44.12878,-83.97353000000001
1593207,2012,103,0.4,44.12697,-83.92799000000001
1593208,2012,103,0.1,44.112629999999996,-83.95898000000001
1593209,2012,136,1.5,44.08767,-83.92744
1593211,2012,221,1.8,44.04206,-83.96494
1593212,2012,261,1.6,44.06536,-83.90693
1593441,2012,278,18.0,46.68108,-88.08507
1593599,2012,199,4.1,42.76342,-85.40763000000001
1593931,2012,39,3.8,43.81072,-83.92407
1593933,2012,104,4.4,44.6541,-85.91055
1593934,2012,225,1.0,44.629,-85.883
1594989,2012,210,3.1,42.17442,-85.24193000000001
1595262,2012,98,2.0,45.23941,-85.251
1595263,2012,98,0.1,45.26299,-84.84232
1595265,2012,119,1.5,45.15103,-85.13096
1595267,2012,146,0.2,45.15323,-85.19289
1595443,2012,80,0.1,45.39103,-84.62986
1595446,2012,98,0.5,45.36991,-84.57689
1595447,2012,98,1.8,45.35587,-84.7624
1595449,2012,114,0.5,45.36554,-84.63869
1595450,2012,115,0.2,45.27346,-84.56231
1595451,2012,115,0.2,45.370490000000004,-84.41585
1595453,2012,119,0.2,45.32907,-84.5107
1595454,2012,145,0.1,45.37453,-84.71355
1595456,2012,236,0.1,45.39467,-84.5333
1595458,2012,312,0.1,45.397220000000004,-84.61847
1595814,2012,95,28.0,46.360009999999996,-84.23421
1595815,2012,97,28.8,46.3912,-84.55769000000001
1595817,2012,98,45.8,46.24522,-84.57991
1595819,2012,98,14.0,46.346309999999995,-84.48534000000001
1595822,2012,104,15.3,46.39817,-84.4764
1595824,2012,117,2.2,46.36084,-84.41141999999999
1595825,2012,119,0.2,46.262640000000005,-84.44086999999999
1595826,2012,126,0.5,46.43414,-84.33498
1595829,2012,134,2.2,46.35876,-84.41353000000001
1595832,2012,181,0.7,46.27019,-84.48651
1595836,2012,214,2.2,46.70616,-85.02880999999998
1595838,2012,241,3.0,46.101259999999996,-84.26971
1595840,2012,244,3.2,46.061122999999995,-84.15474499999999
1596028,2012,77,7.8,44.05999,-85.06286999999999
1596031,2012,80,0.7,43.97503,-84.92716999999999
1596032,2012,86,3.4,44.01826,-84.84082
1596033,2012,97,2.4,44.14842,-84.83995
1596035,2012,97,3.6,43.97006,-85.00447
1596036,2012,98,0.6,43.98424,-84.79885
1596038,2012,99,1.8,43.91024,-85.06203000000001
1596039,2012,100,0.2,43.99555,-84.84962
1596040,2012,100,0.3,43.887,-84.81574
1596041,2012,100,1.1,43.887029999999996,-84.81935
1596043,2012,102,0.2,44.06114,-84.81254
1596047,2012,120,0.7,44.13682,-84.63171
1596048,2012,120,0.7,44.00398,-84.79984
1596050,2012,131,0.3,44.060559999999995,-84.82885
1596052,2012,135,1.6,44.0605,-84.7781
1596054,2012,140,0.2,44.09848,-84.76809
1596056,2012,140,3.4,43.910759999999996,-85.04494
1596058,2012,143,0.2,44.07087,-84.81625
1596059,2012,145,0.1,44.02468,-84.77575999999999
1596061,2012,145,0.9,44.06621,-84.82839
1596062,2012,145,0.1,43.88673,-84.77943
1596063,2012,147,0.1,44.06641,-84.74755999999998
1596065,2012,177,0.5,44.028940000000006,-84.66305
1596067,2012,182,0.2,44.06027,-84.83293
1596068,2012,182,1.8,43.95306,-84.76776
1596069,2012,187,0.1,44.03163,-84.8853
1596071,2012,205,0.5,43.99998,-85.0186
1596072,2012,220,0.2,44.113929999999996,-84.72604
1596170,2012,93,3.8,44.61353,-84.65034
1596171,2012,114,0.5,44.648579999999995,-84.52868000000001
1596172,2012,122,0.1,44.52666,-84.57654000000001
1596173,2012,136,0.5,44.69747,-84.72349
1596174,2012,139,0.7,44.74382,-84.84163000000001
1596175,2012,140,20.0,44.731833,-84.597818
1596176,2012,140,1.75,44.731004,-84.597758
1596177,2012,140,96.0,44.63868,-84.84621
1596178,2012,141,0.1,44.51405,-84.55719
1596179,2012,147,0.5,44.818583000000004,-84.76874699999999
1596180,2012,160,0.5,44.68378,-84.83048000000001
1596181,2012,196,0.1,44.59162,-84.55341
1596182,2012,200,0.3,44.78857,-84.59657
1596183,2012,200,0.2,44.788509999999995,-84.59629
1596184,2012,203,10.0,44.81565,-84.53439
1596185,2012,206,0.1,44.78333,-84.71547
1596186,2012,245,0.7,44.81462,-84.76727
1596187,2012,97,1.2,45.672259999999994,-87.3214
1596188,2012,100,0.5,45.84151,-87.05448
1596189,2012,116,0.25,45.91386,-87.14858000000001
1596190,2012,116,7.4,45.86586,-87.07032
1596191,2012,137,0.3,45.7664,-87.15179
1596192,2012,140,1.7,46.06545,-87.20564
1596193,2012,160,0.25,45.77176,-87.12759
1596194,2012,244,0.5,45.745561,-87.11573800000001
1596195,2012,244,2.8,45.828187,-87.266039
1596196,2012,95,17.6,45.76595,-87.88
1596197,2012,103,0.5,45.75077,-87.72386
1596198,2012,112,1.0,45.99107,-88.07553
1596199,2012,113,5.0,45.961816999999996,-87.95145
1596200,2012,114,1.5,46.07738,-88.01371
1596353,2012,95,0.1,45.558609999999994,-84.7762
1596354,2012,97,5.8,45.56662,-84.85428
1596355,2012,97,0.6,45.31269,-84.89726
1596356,2012,133,5.0,45.63178,-84.76414
1596357,2012,237,1.0,45.54251,-84.76134
1596358,2012,242,0.8,45.710390000000004,-84.86695999999999
1596359,2012,243,23.7,45.60067,-85.06787
1596360,2012,247,4.0,45.64735,-84.91359
1596575,2012,71,0.1,43.9465,-84.23244
1596576,2012,77,0.3,44.08605,-84.54942
1596577,2012,77,0.8,44.13712,-84.47913
1596578,2012,95,0.4,43.96395,-84.35646
1596579,2012,102,0.2,43.98702,-84.43876
1596580,2012,104,0.1,43.88575,-84.32033
1596581,2012,107,0.1,43.81691,-84.42959
1596582,2012,113,2.6,44.1119,-84.58978
1596583,2012,113,5.8,43.83829,-84.30005
1596584,2012,115,0.1,44.01802,-84.30315
1596585,2012,133,0.5,44.091229999999996,-84.42361
1596586,2012,134,12.2,44.04183,-84.19626
1596587,2012,141,1.8,43.9493,-84.19443000000001
1596588,2012,178,1.5,43.8912,-84.31730999999999
1596589,2012,268,0.1,44.07285,-84.42383000000001
1596590,2012,283,0.2,44.03678,-84.58506
1596607,2012,102,9.4,44.739740000000005,-85.44479
1596608,2012,120,0.3,44.7424,-85.55107
1596609,2012,144,2.5,44.63438,-85.60488000000001
1596610,2012,162,28.0,44.75158,-85.37048
1596611,2012,223,0.1,44.696000000000005,-85.814
1596612,2012,231,1.5,44.7,-85.652
1596613,2012,233,2.4,44.655,-85.36399999999999
1596614,2012,235,9.3,44.51405,-85.57323000000001
1596615,2012,260,0.7,44.6515,-85.4251
1596616,2012,181,2.7,43.44591,-84.6562
1596617,2012,134,2.0,47.186809999999994,-88.48504
1596618,2012,202,1.4,46.83323,-88.70076999999999
1596619,2012,241,0.25,47.10484,-88.35078
1596620,2012,254,0.3,47.14833,-88.35499
1596780,2012,283,257.0,43.85583,-83.43653
1596814,2012,82,0.3,44.47325,-83.3213
1596815,2012,119,0.5,44.505167,-83.328861
1596816,2012,218,0.5,44.439797,-83.331682
1596817,2012,218,2.0,44.49116,-83.3974
1596952,2012,97,2.1,46.21868,-88.38345
1596953,2012,97,8.2,46.38176,-88.25069
1596954,2012,106,0.2,46.09766,-88.39173000000001
1596955,2012,119,1.5,46.09856,-88.24462
1596956,2012,145,0.1,46.093689000000005,-88.43526999999999
1596957,2012,278,0.5,46.134479999999996,-88.39293
1596958,2012,80,0.5,44.69665,-85.20659
1596959,2012,88,0.2,44.77219,-85.1056
1596960,2012,97,9.5,44.72659,-85.29693
1596961,2012,99,0.1,44.754020000000004,-85.1949
1596962,2012,100,0.2,44.79415,-85.14838
1596963,2012,104,0.5,44.75485,-85.03253000000001
1596964,2012,119,2.0,44.616890000000005,-84.87844
1596965,2012,140,0.8,44.52211,-85.07162
1596966,2012,182,3.0,44.55157,-85.25898000000001
1596967,2012,246,1.5,44.696525,-84.966217
1596968,2012,193,2.5,43.20936,-85.43451
1596969,2012,199,8.3,42.956485,-85.697007
1596970,2012,316,1.7,43.23705,-85.60089
1596971,2012,237,0.3,47.34948,-88.4443
1596972,2012,122,5.3,43.94482,-85.63394
1596973,2012,131,2.7,43.9149,-85.71696999999999
1596974,2012,317,64.0,43.11971,-83.20716999999999
1596975,2012,173,5.0,42.51095,-84.08475
1596976,2012,114,0.2,46.29544,-85.521
1596977,2012,142,22.3,46.64096,-85.43755999999999
1596978,2012,142,0.6,46.6707,-85.7547
1596979,2012,143,5.0,46.60515,-85.51144000000001
1596980,2012,144,1.0,46.53873,-85.3477
1596981,2012,144,21069.0,46.5335,-85.42364
1596982,2012,152,0.5,46.69,-85.31733299999999
1596983,2012,178,0.1,46.512658,-85.348065
1596984,2012,198,0.1,46.58968,-85.38464
1596985,2012,210,1.2,46.302,-85.50200000000001
1596986,2012,247,0.1,46.64468,-85.36443
1596987,2012,98,2.5,46.15759,-84.48184
1596988,2012,114,2.5,46.10351,-85.70345
1596989,2012,114,1.8,46.12885,-85.4604
1596990,2012,191,0.1,44.381,-85.969
1596991,2012,93,0.1,46.48706,-87.40526
1596992,2012,95,0.1,46.486999999999995,-87.405
1596993,2012,96,0.1,46.5122,-87.40459
1596994,2012,97,0.1,46.319520000000004,-87.27962
1596995,2012,97,0.26,46.39118,-87.81696
1596996,2012,98,3.3,46.29226,-88.09711
1596997,2012,105,4.5,46.32963,-87.35258
1596998,2012,114,0.1,46.355098,-87.828186
1596999,2012,115,0.1,46.50447,-87.84492
1597000,2012,119,6.2,46.25372,-87.43330999999999
1597001,2012,122,62.5,46.28382,-87.84057
1597002,2012,131,3.7,46.47289,-87.41263000000001
1597003,2012,132,0.5,46.33923,-87.35755
1597004,2012,137,0.6,46.050236,-87.281824
1597005,2012,165,1.3,46.32841,-87.51716
1597006,2012,181,1.0,46.84892,-87.89439
1597007,2012,184,0.2,46.31682,-87.33997
1597008,2012,187,0.1,46.57201,-87.47855
1597009,2012,200,2.2,46.2956,-87.44665
1597010,2012,206,0.5,46.619144,-87.980638
1597011,2012,222,7.4,46.3207,-87.62631999999999
1597012,2012,216,0.1,46.611847999999995,-87.46314100000001
1597013,2012,235,1.1,46.671170000000004,-87.86117
1597014,2012,242,0.1,46.340720000000005,-87.34648
1597015,2012,246,0.25,46.56896,-88.10999
1597016,2012,282,0.1,46.573451,-87.463115
1597017,2012,80,35.0,43.961999999999996,-86.191
1597018,2012,207,15.5,44.00015,-86.36413
1597019,2012,103,0.9,43.64414,-85.29562
1597020,2012,108,11.6,43.4724,-85.54156
1597021,2012,194,0.8,43.47124,-85.53219
1597022,2012,206,2.5,43.8004,-85.54921
1597023,2012,73,16.3,45.18858,-87.73026
1597024,2012,79,0.5,45.679520000000004,-87.44286
1597025,2012,79,3.4,45.411159999999995,-87.6355
1597026,2012,88,2.0,45.65858,-87.56215999999999
1597027,2012,98,0.5,45.40228,-87.5673
1597028,2012,102,0.7,45.43388,-87.68623000000001
1597029,2012,105,2.0,45.813109999999995,-87.48131
1597030,2012,105,0.5,45.37862,-87.60813
1597031,2012,105,0.3,45.96774,-87.55646999999999
1597032,2012,105,0.7,45.894259999999996,-87.42577
1597033,2012,134,0.4,45.563867,-87.546779
1597034,2012,135,0.1,45.638938,-87.615092
1597035,2012,143,1.0,45.25165,-87.50893
1597036,2012,161,2.0,45.53881,-87.27802
1597037,2012,185,1.4,45.83805,-87.59326999999999
1597038,2012,215,2.2,45.45265,-87.41233000000001
1597039,2012,227,0.1,45.27324,-87.49316
1597040,2012,81,2.7,43.81009,-84.40699000000001
1597041,2012,82,0.4,43.692440000000005,-84.46908
1597042,2012,88,0.1,43.568979999999996,-84.40993
1597043,2012,102,0.2,43.65047,-84.46896
1597044,2012,102,0.2,43.685990000000004,-84.22229
1597045,2012,114,4.4,43.60642,-84.60721
1597046,2012,115,0.5,43.75614,-84.41176999999999
1597047,2012,115,1.1,43.556090000000005,-84.18158000000001
1597048,2012,120,1.6,43.71921,-84.34076999999999
1597049,2012,139,0.5,43.76157,-84.46064
1597050,2012,194,1.2,43.67917,-84.43244
1597051,2012,206,0.1,43.72687,-84.40225
1597052,2012,271,0.7,43.791920000000005,-84.46463
1597053,2012,283,1.2,43.6146,-84.4082
1597054,2012,302,0.5,43.52819,-84.32936
1597055,2012,316,0.4,43.621809999999996,-84.39068
1597056,2012,317,0.2,43.54291,-84.35001
1597057,2012,327,5.9,43.6901,-84.34859
1597058,2012,86,1.5,44.33518,-84.94089
1597059,2012,96,0.1,44.48105,-85.178335
1597060,2012,99,4.1,44.42622,-85.15241
1597061,2012,102,2.5,44.25169,-85.1472
1597062,2012,114,5.9,44.309219,-85.29235899999999
1597063,2012,135,2.8,44.21513,-85.30957
1597064,2012,190,6.0,44.220052,-85.091364
1597065,2012,193,1.3,44.23483,-85.09671
1597066,2012,206,0.5,44.19348,-85.02076
1597067,2012,207,2.0,44.34734,-85.07361999999999
1597068,2012,179,6.0,43.13557,-85.14768000000001
1597069,2012,76,1.2,44.895131,-84.116029
1597070,2012,99,1.8,44.98578,-84.04678
1597071,2012,104,1.4,45.05693,-84.30354
1597072,2012,105,0.3,45.01495,-84.15613
1597073,2012,132,0.3,45.11958,-84.16529
1597074,2012,140,0.75,44.91389,-84.33004
1597075,2012,144,0.1,44.874359999999996,-84.03072
1597076,2012,144,0.1,44.88609,-84.03090999999999
1597077,2012,144,0.1,44.9084,-84.03130999999999
1597078,2012,147,7.0,44.89288,-84.29158000000001
1597079,2012,186,7.7,45.17958,-84.20251999999999
1597080,2012,206,7.0,45.02496,-84.20736
1597081,2012,235,0.1,45.03821,-84.13261
1597082,2012,100,5.0,43.46689,-86.18921
1597083,2012,113,2.0,43.37365,-86.21285
1597084,2012,133,12.0,43.38393,-86.08782
1597085,2012,138,0.4,43.233129999999996,-86.33554000000001
1597086,2012,184,3.0,43.41942,-86.20975
1597087,2012,189,3.0,43.381582,-86.108436
1597088,2012,196,2.3,43.41967,-86.11028
1597089,2012,219,0.2,43.38155,-86.10726
1597090,2012,337,0.1,43.353559999999995,-86.41428
1597091,2012,95,2.6,43.47387,-86.15088
1597092,2012,103,5.6,43.613240000000005,-86.45421999999999
1597093,2012,144,20.7,43.501999999999995,-86.27665999999999
1597094,2012,161,2.4,43.722190000000005,-86.48505
1597095,2012,187,0.2,43.6203,-86.39043000000001
1597096,2012,193,1.1,43.489986,-86.34366
1597097,2012,195,0.4,43.76453,-86.428871
1597098,2012,198,9.7,43.508662,-86.05881099999999
1597099,2012,79,1.3,44.21115,-84.18889
1597100,2012,81,14.6,44.459540000000004,-84.0329
1597101,2012,87,1.0,44.34943,-83.9916
1597102,2012,87,1.6,44.44547,-84.2285
1597103,2012,88,2.0,44.39733,-84.0051
1597104,2012,98,0.1,44.32428,-84.09118000000001
1597105,2012,98,0.9,44.26124,-84.12104000000001
1597106,2012,99,0.3,44.365120000000005,-84.0473
1597107,2012,104,0.3,44.330909999999996,-84.29446
1597108,2012,104,2.1,44.239540000000005,-84.15043
1597109,2012,105,74.6,44.231970000000004,-84.14265
1597110,2012,115,2.0,44.17266,-84.06141
1597111,2012,134,12.6,44.37043,-84.04720999999999
1597112,2012,134,311.0,44.417483000000004,-84.369863
1597113,2012,140,0.6,44.411766,-84.014866
1597114,2012,166,0.1,44.341643,-84.34705
1597115,2012,173,0.1,44.406461,-84.307957
1597116,2012,182,3.5,44.2637,-84.07284
1597117,2012,74,1.5,44.076029999999996,-85.2458
1597118,2012,98,2.3,44.00152,-85.10001
1597119,2012,99,2.0,43.96523,-85.22407
1597120,2012,103,1.0,44.06008,-85.25238
1597121,2012,105,2.3,43.91283,-85.34225
1597122,2012,274,0.5,43.878712,-85.533159
1597123,2012,77,22.0,44.83432,-83.9921
1597124,2012,95,0.8,44.7104,-84.12292
1597125,2012,96,0.9,44.706070000000004,-84.19193
1597126,2012,99,3.3,44.82804,-84.29915
1597127,2012,146,0.2,44.72527,-84.24582
1597128,2012,199,0.5,44.6908,-84.29843000000001
1597129,2012,81,1.5,44.984122,-84.653542
1597130,2012,94,0.5,44.932390000000005,-84.6109
1597131,2012,96,0.6,45.124819,-84.562866
1597132,2012,104,43.8,44.96867,-84.56039
1597133,2012,105,1.2,45.042120000000004,-84.46645
1597134,2012,140,0.5,45.0735,-84.53066
1597135,2012,140,6.8,44.96897,-84.61556
1597136,2012,141,4.4,45.1086,-84.4869
1597137,2012,146,0.5,44.89759,-84.83652
1597138,2012,146,0.9,44.93267,-84.83202
1597139,2012,147,1.2,44.940979999999996,-84.5174
1597140,2012,147,1.1,44.96095,-84.5998
1597141,2012,147,0.1,45.0606,-84.55185999999999
1597142,2012,162,0.1,45.06346,-84.55089
1597143,2012,164,8.4,44.88774,-84.45799
1597144,2012,165,4.2,44.96416,-84.59968
1597145,2012,139,0.5,45.07107,-84.63219000000001
1597146,2012,142,0.6,45.03593,-84.59705
1597147,2012,185,0.1,44.991581,-84.673787
1597148,2012,188,0.9,45.113831,-84.674139
1597149,2012,192,0.2,45.08338,-84.58194
1597150,2012,192,0.1,45.08299,-84.58199
1597151,2012,192,0.2,45.082542,-84.582021
1597152,2012,192,0.8,44.99259,-84.59814
1597153,2012,195,1.6,44.98471,-84.72949
1597154,2012,206,24.0,44.85924,-84.38280999999999
1597155,2012,213,0.1,44.92087,-84.52158
1597156,2012,237,0.1,44.98935,-84.80779
1597157,2012,247,0.1,44.99068,-84.63391999999999
1597158,2012,199,1.0,43.1015,-86.14169
1597159,2012,236,8.2,42.873459999999994,-86.01611
1597160,2012,80,4.8,45.314440000000005,-84.2333
1597161,2012,96,0.2,45.39781,-84.20133
1597162,2012,103,2.4,45.38365,-84.14623
1597163,2012,115,0.2,45.41407,-83.85159
1597164,2012,133,1.4,45.22876,-83.95081
1597165,2012,135,0.1,45.24389,-84.07539
1597166,2012,136,3.9,45.457209999999996,-83.93904
1597167,2012,178,1.1,45.40535,-84.15388
1597168,2012,194,0.1,45.2784,-83.81700000000001
1597169,2012,240,0.1,45.30368,-84.07069
1597170,2012,172,0.1,45.26569,-84.08433000000001
1597171,2012,77,0.5,44.38556,-84.62085
1597172,2012,77,0.1,44.195440000000005,-84.83428
1597173,2012,97,1.5,44.30939,-84.59585
1597174,2012,98,1.0,44.487320000000004,-84.64594
1597175,2012,101,2.0,44.290420000000005,-84.74710999999999
1597176,2012,120,3.4,44.33467,-84.64255
1597177,2012,140,0.1,44.47611,-84.41131
1597178,2012,218,1.0,44.42303,-84.6128
1597179,2012,246,4.7,44.33528,-84.46419
1597180,2012,270,0.1,44.44601,-84.62621
1597181,2012,147,0.3,43.16356,-82.89141
1597182,2012,167,8.0,43.393840000000004,-82.7777
1597183,2012,282,0.7,43.58293,-82.81653
1597184,2012,80,1.0,45.98553,-86.13252
1597185,2012,103,0.2,45.88091,-86.40371999999999
1597186,2012,122,0.1,45.923770000000005,-86.34545
1597187,2012,133,0.1,45.92403,-86.47962
1597188,2012,242,0.25,45.9763,-86.23181
1597189,2012,109,335.0,43.58364,-83.68791
1597190,2012,81,9.3,44.38627,-85.65254
1597191,2012,134,0.1,44.287246,-85.348404
1597192,2012,177,1.0,44.486208000000005,-85.448841
1597193,2012,246,3.3,44.43949,-85.6038
1635462,2013,204,0.2,44.21472222,-86.32527778
1635514,2013,236,16.4,44.26194444,-86.15777778
1635533,2013,228,0.1,44.18638889,-85.98361111
1635587,2013,194,0.25,43.85305556,-85.96638889
1635633,2013,194,1.0,44.36666667,-83.58305556
1635705,2013,138,3.0,43.87972222,-85.75333333
1635706,2013,186,0.1,44.21388889,-86.30527778
1635767,2013,158,0.25,43.46611111,-85.7875
1635781,2013,205,0.75,44.35,-83.51277778
1635991,2013,129,0.1,44.27833333,-83.69166667
1636033,2013,187,1.6,44.40444444,-83.75611111
1636050,2013,139,0.16,43.52111111,-85.63305556
1636088,2013,93,0.1,43.58694444,-85.68333333
1636105,2013,144,0.1,46.34666667,-84.9425
1636117,2013,92,0.1,44.43861111,-83.76638889
1636120,2013,126,0.05,46.46777778,-84.62888889
1636223,2013,127,2.4,44.41388889,-83.56833333
1636325,2013,271,0.01,44.21722222,-86.10166667
1636394,2013,128,0.1,44.17972222,-85.93611111
1636426,2013,188,3.0,43.78527778,-85.94083333
1636524,2013,259,0.1,46.24083333,-89.31277778
1636567,2013,206,0.25,44.3125,-83.39472222
1636577,2013,231,0.1,44.55194444,-83.70583333
1636620,2013,128,0.1,44.55583333,-84.12916667
1636650,2013,120,1.2,44.07277778,-85.89972222
1636667,2013,112,0.9,44.59277778,-83.61361111
1636674,2013,145,0.5,43.81833333,-85.94972222
1636763,2013,138,0.1,43.555,-85.68416667
1636929,2013,123,0.1,44.44083333,-83.67555556
1636932,2013,122,0.3,44.27444444,-83.57222222
1636933,2013,124,5.1,44.46166667,-83.77194444
1636945,2013,303,0.1,44.43166667,-83.62361111
1636950,2013,198,0.25,44.22833333,-86.00916667
1636984,2013,206,0.1,43.84722222,-85.97527778
1636990,2013,93,1.25,44.36111111,-83.3375
1636999,2013,267,0.1,44.15166667,-86.26916667
1637019,2013,112,4.0,43.765,-85.90138889
1637069,2013,122,0.1,43.55361111,-85.74416667
1637107,2013,156,0.25,43.96611111,-85.84333333
1637169,2013,117,0.13,43.41666667,-85.71666667
1637177,2013,125,4.7,43.395,-85.58833333
1637255,2013,182,0.1,43.89277778,-85.90083333
1637265,2013,127,1.7,44.48722222,-83.81666667
1637389,2013,178,0.5,43.98722222,-86.10944444
1637465,2013,118,0.1,43.39027778,-85.73333333
1637509,2013,133,3.5,43.86777778,-85.82555556
1637512,2013,116,0.1,44.17472222,-86.35833333
1637628,2013,216,0.1,43.50333333,-85.605
1637633,2013,126,1.0,43.80027778,-85.85777778
1637759,2013,137,0.1,46.50888889,-88.71333333
1637813,2013,164,0.1,44.33722222,-83.33972222
1637841,2013,213,0.1,43.88361111,-85.82166667
1637874,2013,225,0.1,44.19638889,-85.77611111
1637902,2013,140,1.0,43.86555556,-85.76388889
1637947,2013,136,0.25,44.29972222,-85.9275
1637969,2013,188,0.1,44.325,-83.67388889
1638039,2013,182,0.1,43.60166667,-86.01861111
1638061,2013,125,0.5,43.62166667,-85.99138889
1638072,2013,123,1.0,44.29861111,-83.44416667
1638085,2013,138,1.0,43.45222222,-85.77972222
1638094,2013,127,0.1,43.585,-85.60833333
1638135,2013,146,1.0,43.50361111,-85.75611111
1638159,2013,219,0.1,44.23388889,-85.89111111
1638271,2013,145,0.1,44.39305556,-83.75
1638410,2013,118,0.1,44.57972222,-84.08722222
1638420,2013,93,0.1,43.56,-85.68305556
1638435,2013,112,3.08,43.94583333,-85.95833333
1638447,2013,111,1.0,44.05555556,-86.15027778
1638498,2013,125,0.25,44.0125,-85.85138889
1638514,2013,146,0.4,44.23333333,-83.79222222
1638536,2013,119,0.2,43.8825,-85.76333333
1638537,2013,121,0.6,43.95222222,-86.08305556
1638623,2013,178,0.25,44.2325,-86.31666667
1638639,2013,127,4.5,44.04055556,-85.86638889
1638684,2013,111,0.75,44.13694444,-86.24777778
1638727,2013,88,3.0,43.44194444,-85.70583333
1638803,2013,87,0.1,43.45361111,-85.79
1638841,2013,117,0.6,43.68,-85.81
1638856,2013,146,1.36,43.43083333,-85.73972222
1638863,2013,125,4.0,43.61638889,-85.69333333
1638867,2013,127,0.5,43.89333333,-85.85111111
1638891,2013,118,0.1,43.39777778,-85.62305556
1638901,2013,187,0.1,44.32861111,-83.65194444
1638908,2013,200,0.1,44.33,-83.42
1638950,2013,154,0.45,44.32361111,-83.38527778
1639004,2013,272,0.1,46.34055556,-89.37166667
1639007,2013,117,0.6,43.43444444,-85.73472222
1639047,2013,233,0.5,44.23694444,-86.28388889
1639230,2013,117,0.1,43.64166667,-85.66638889
1639242,2013,112,0.5,44.43583333,-83.65083333
1639264,2013,96,0.25,43.5675,-85.59972222
1639273,2013,94,0.25,43.48361111,-85.62166667
1639338,2013,136,0.5,43.78611111,-86.01027778
1639384,2013,249,0.1,43.92972222,-85.8525
1639574,2013,135,2.6,46.50972222,-88.67555556
1639646,2013,126,0.25,43.39722222,-85.66944444
1639667,2013,121,0.2,44.49666667,-83.53416667
1639732,2013,116,0.25,43.60861111,-86.01916667
1639753,2013,92,0.27,43.45472222,-85.67166667
1639838,2013,116,0.1,44.4575,-83.78777778
1639844,2013,186,0.1,44.205,-83.72138889
1639856,2013,220,2.5,44.19333333,-85.65638889
1639896,2013,127,2.4,43.50611111,-85.56638889
1639989,2013,136,1.5,44.15138889,-85.98305556
1639993,2013,184,0.1,44.35944444,-83.33638889
1639994,2013,204,0.1,44.21527778,-85.95361111
1640045,2013,128,1.0,43.72166667,-85.94972222
1640090,2013,204,0.1,44.28388889,-83.48472222
1640098,2013,93,1.5,43.79944444,-85.75222222
1640186,2013,116,1.0,43.99111111,-86.12083333
1640239,2013,227,0.01,44.26166667,-85.94972222
1640318,2013,132,0.1,44.63,-84.27055556
1640341,2013,230,0.1,44.61777778,-84.31111111
1640389,2013,89,2.0,44.21111111,-83.90388889
1640405,2013,113,0.25,44.23083333,-86.19722222
1640407,2013,117,1.0,43.81777778,-86.0625
1640428,2013,122,0.5,43.54944444,-85.7025
1640437,2013,280,0.1,44.57305556,-84.04888889
1640475,2013,187,1.3,43.82111111,-85.94694444
1640504,2013,251,0.1,44.22916667,-86.05638889
1640539,2013,125,0.5,44.66888889,-83.75166667
1640600,2013,230,0.1,44.6175,-84.31166667
1640640,2013,157,0.15,43.94444444,-86.01638889
1640695,2013,224,0.1,46.19805556,-89.26666667
1640714,2013,175,0.25,45.98611111,-84.93666667
1640746,2013,196,0.75,44.48,-83.87388889
1640797,2013,145,0.1,43.3975,-85.72222222
1640801,2013,112,0.25,43.85138889,-85.76777778
1640906,2013,136,0.25,43.47388889,-85.75555556
1640953,2013,138,0.1,44.14083333,-85.80527778
1640972,2013,92,0.1,44.44638889,-83.76638889
1641055,2013,145,0.1,44.59666667,-83.63305556
1641121,2013,139,9.5,44.40888889,-83.72555556
1641179,2013,125,0.5,44.48166667,-84.00416667
1641193,2013,116,2.0,44.06833333,-85.94388889
1641196,2013,126,0.1,44.64222222,-84.1225
1641234,2013,119,1.0,43.78,-85.84972222
1641236,2013,122,54.0,44.51666667,-83.65388889
1641257,2013,235,2.7,44.41611111,-83.425
1641259,2013,94,0.1,44.45222222,-83.78527778
1641356,2013,230,0.1,44.6175,-84.31166667
1641436,2013,138,1.0,43.89944444,-85.77222222
1641497,2013,152,0.2,45.92138889,-86.91083333
1641566,2013,139,0.1,46.46166667,-84.64777778
1641629,2013,146,0.25,44.30194444,-86.02694444
1641632,2013,112,0.5,44.62083333,-84.24972222
1641639,2013,172,2.0,43.84444444,-85.96
1641650,2013,124,0.4,44.45666667,-83.76722222
1641666,2013,171,0.25,43.58694444,-85.80194444
1641697,2013,135,0.1,43.38388889,-85.77472222
1641766,2013,254,0.1,44.32638889,-83.54277778
1641798,2013,262,0.01,44.05583333,-85.96194444
1641825,2013,164,0.5,44.17361111,-86.21333333
1641869,2013,164,0.1,43.85666667,-85.84111111
1641935,2013,125,7.9,44.48444444,-83.9675
1641987,2013,121,1.04,44.44,-83.76638889
1642029,2013,249,0.25,43.88277778,-85.805
1642068,2013,203,0.25,44.1425,-85.93416667
1642088,2013,94,1.7,44.31888889,-83.56333333
1642142,2013,136,0.1,44.2,-86.0075
1642233,2013,95,2.5,43.53,-85.66972222
1642292,2013,146,0.1,44.22944444,-86.05583333
1642358,2013,185,0.1,46.34694444,-84.97722222
1642456,2013,150,0.1,44.62583333,-84.13
1642481,2013,125,0.1,43.77388889,-85.86083333
1642509,2013,187,1.5,44.36638889,-83.33777778
1642520,2013,89,3.5,44.2075,-83.78416667
1642551,2013,233,1.0,44.27222222,-86.14361111
1642556,2013,146,1.4,44.41972222,-83.645
1642582,2013,94,0.1,44.20611111,-83.63888889
1642674,2013,117,0.1,43.58861111,-85.805
1642832,2013,121,1.0,43.74166667,-85.94972222
1642838,2013,216,15.0,43.45805556,-85.69972222
1642839,2013,118,0.1,44.52361111,-83.69583333
1642849,2013,89,0.1,43.475,-85.65916667
1645584,2013,202,1.5,45.02207,-85.61572
1645585,2013,242,2.0,48.159960999999996,-88.517847
1645586,2013,218,0.1,48.099866999999996,-88.645617
1645587,2013,106,0.1,46.78,-88.488
1645588,2013,119,0.1,46.7842,-88.49799999999999
1645589,2013,128,0.3,46.7983,-88.4072
1645590,2013,183,0.1,45.70394,-87.3275
1645591,2013,270,0.1,46.7806,-88.4856
1645592,2013,270,0.2,46.7861,-88.4783
1645593,2013,270,0.1,46.7556,-88.5169
1645594,2013,271,0.3,46.7914,-88.4739
1645595,2013,167,0.1,44.8958,-85.9406
1645596,2013,170,0.1,44.8014,-86.0714
1645597,2013,141,0.2,44.7256,-86.135
1651094,2013,84,0.1,43.34803,-83.88398000000001
1651101,2013,92,0.1,43.3473718,-83.8839388
1651182,2013,137,8.5,41.896846999999994,-83.39149
1651188,2013,128,0.5,43.3456,-83.9108
1651313,2013,198,1.0,46.202,-85.99
1671272,2013,112,8.6,44.545503000000004,-83.417332
1671273,2013,112,1.0,44.75704,-83.80168
1671274,2013,122,2.0,44.7852,-83.5153
1671275,2013,123,0.5,44.72789,-83.40855
1671276,2013,125,1.0,44.71869,-83.75586
1671277,2013,135,0.5,44.671490000000006,-83.44385
1671278,2013,169,0.8,44.793984,-83.828568
1671279,2013,197,0.5,44.849005,-83.486482
1671280,2013,184,20.0,46.55209,-86.20428000000001
1671281,2013,190,0.4,46.678999999999995,-85.87402
1671282,2013,198,0.1,46.68173,-85.893781
1671283,2013,122,0.3,42.54506,-85.90608
1671284,2013,126,0.3,42.517520000000005,-86.09306
1671285,2013,262,0.1,42.571870000000004,-86.07041
1671286,2013,118,0.6,44.968112,-84.14603199999999
1671287,2013,118,0.4,45.014188,-84.161979
1671288,2013,122,1.5,44.934309999999996,-83.96284
1671289,2013,122,0.4,44.952090000000005,-84.0312
1671290,2013,124,0.7,44.9779,-84.16133
1671291,2013,126,0.1,45.0339,-84.33310999999999
1671292,2013,126,1.7,44.889509999999994,-84.28273
1671293,2013,128,0.5,45.10576,-83.97318
1671294,2013,146,0.5,45.03922,-84.29198000000001
1671295,2013,170,0.2,44.998689,-84.162645
1671296,2013,183,0.6,45.098527000000004,-84.26496800000001
1671297,2013,194,0.1,45.028240000000004,-84.20346500000001
1671298,2013,236,4.0,44.895863,-84.302141
1671299,2013,126,10.4,43.359590000000004,-86.22405
1671300,2013,136,6.5,43.24462,-86.07348
1671301,2013,201,43.7,43.202603,-86.09146
1671302,2013,117,7.6,43.47737,-86.13006999999999
1671303,2013,118,0.3,43.57911,-86.42993
1671304,2013,126,0.1,43.75169,-86.16116
1671305,2013,126,2.1,43.746990000000004,-86.14158
1671306,2013,94,0.2,44.328540000000004,-84.22482
1671307,2013,119,3.1,44.34776,-84.29353
1671308,2013,127,1.1,44.32288,-84.04513
1671309,2013,128,2.3,44.218740000000004,-83.99047
1671310,2013,129,0.1,44.47307,-84.12814
1671311,2013,136,2.7,44.38152,-84.22258000000001
1671312,2013,121,1.2,44.051032,-85.103849
1671313,2013,121,3.1,44.004290000000005,-85.09909
1671314,2013,122,0.9,43.99236,-85.08878
1671315,2013,122,2.0,43.862077,-85.162295
1671316,2013,123,1.0,43.875836,-85.089605
1671317,2013,194,3.6,45.20293,-84.16854000000001
1671318,2013,201,0.4,45.312329999999996,-84.04435
1671319,2013,205,1.1,45.4928,-84.19888399999999
1671320,2013,111,15.0,44.271370000000005,-84.83991
1671321,2013,117,2.5,44.339319,-84.80204499999999
1671322,2013,118,1.2,44.48734,-84.60475
1671323,2013,122,2.0,44.306999999999995,-84.63464
1671324,2013,125,0.4,44.49473,-84.63167
1671325,2013,127,0.1,45.7874,-87.07815
1671326,2013,128,1.0,45.79166,-87.12262
1671327,2013,136,1.7,45.85302,-87.06421999999999
1671328,2013,118,16.0,45.819959999999995,-88.12533
1671329,2013,126,4.4,45.93723,-88.0592
1671330,2013,128,1.1,45.89718,-88.07066999999999
1671331,2013,124,13.3,43.956748,-85.336923
1671332,2013,179,0.1,43.90384,-85.2403
1671333,2013,237,1.0,44.11727,-85.24168
1671334,2013,118,3.0,44.841120000000004,-84.0312
1671335,2013,236,0.2,44.72459,-84.35217
1671336,2013,236,0.1,44.724579999999996,-84.34933000000001
1671337,2013,236,0.2,44.72457,-84.34643
1671338,2013,236,0.1,44.72456,-84.34281999999999
1671339,2013,236,0.2,44.72456,-84.34019
1671340,2013,236,0.1,44.724540000000005,-84.3389
1671341,2013,236,0.1,44.72448,-84.33482
1671342,2013,122,6.9,44.971784,-84.626182
1671343,2013,122,0.2,44.99906,-84.74208
1671344,2013,125,0.1,45.024404,-84.828903
1671345,2013,276,2.0,45.14333,-84.45793
1671346,2013,146,1.5,45.79609,-87.88216
1671347,2013,196,4.4,45.37614,-84.7876
1671348,2013,95,17.1,44.03859,-84.57601
1671349,2013,223,12.6,44.07302,-84.41501
1671350,2013,122,42.2,44.641059000000006,-85.439801
1671351,2013,224,0.8,44.5337,-85.495
1671352,2013,146,1.7,46.75284,-88.79585
1671353,2013,186,3.0,44.43517,-83.43061
1671354,2013,146,0.5,46.197379999999995,-88.42487
1671355,2013,94,6.7,43.63073,-84.64655
1671356,2013,121,1.7,43.78792,-84.63713
1671357,2013,118,1.3,44.70252,-85.18054000000001
1671358,2013,121,3.1,44.731666,-85.06666
1671359,2013,125,1.5,44.729576,-85.107726
1671360,2013,137,0.3,44.68919,-85.09908
1671361,2013,301,0.1,44.892406,-84.79748199999999
1671362,2013,138,6.4,43.02,-86.0449
1671363,2013,123,5.0,45.21288,-84.18174
1671386,2013,171,0.5,44.734757,-85.206019
1671387,2013,188,0.1,44.533204,-85.15100799999999
1671388,2013,230,0.2,44.791000000000004,-85.14975
1671389,2013,230,1.0,44.773528999999996,-85.136363
1671390,2013,237,6.5,44.79629,-85.21365
1671391,2013,124,0.5,44.02622,-85.58547
1671392,2013,145,0.1,43.90923,-85.8355
1671393,2013,177,0.5,44.13308,-85.81211
1671394,2013,214,4.0,44.02445,-85.71789
1671395,2013,127,0.7,46.319520000000004,-85.75729
1671396,2013,133,0.1,46.269220000000004,-85.45721
1671397,2013,159,0.1,46.6787,-85.41915
1671398,2013,159,0.1,46.67883,-85.41683
1671399,2013,160,0.1,46.67866,-85.41407
1671400,2013,161,0.1,46.6357,-85.42532
1671424,2013,161,0.1,46.63558,-85.42464
1671425,2013,163,0.1,46.67465,-85.41409
1671426,2013,167,0.1,46.685359999999996,-85.43852
1671427,2013,168,0.1,46.696021,-85.380764
1671428,2013,170,0.1,46.65867,-85.43911999999999
1671429,2013,160,0.1,46.10045,-85.53661
1671430,2013,197,0.3,46.16063,-85.49327
1671431,2013,128,0.5,46.32658,-87.36353000000001
1671432,2013,134,0.4,46.32248,-87.36708
1671433,2013,135,0.1,46.04572,-87.46618000000001
1671434,2013,135,0.1,46.04549,-87.46491
1671435,2013,137,0.8,46.26072,-87.48422
1671436,2013,137,0.3,46.42437,-87.75994
1671437,2013,137,0.1,46.42311,-87.7582
1671438,2013,163,0.1,46.57261,-87.45874
1671457,2013,167,0.5,46.29913,-87.52654
1671458,2013,187,0.1,46.522108,-87.413119
1671459,2013,228,10.0,46.483779999999996,-87.20704
1671460,2013,117,4.3,43.64172,-85.29775
1671461,2013,122,5.0,43.662811,-85.17612
1671462,2013,122,2.0,43.75119,-85.21299599999999
1671463,2013,126,2.8,43.807149,-85.368087
1671464,2013,128,0.5,43.78794,-85.49682
1671465,2013,197,6.0,43.8062,-85.46162
1671466,2013,110,9.7,45.286640000000006,-87.59759
1671467,2013,111,0.5,45.53665,-87.44065
1671468,2013,118,3.5,45.67232,-87.58592
1671469,2013,147,1.1,45.979690000000005,-87.44707
1671470,2013,165,0.5,45.76981,-87.55213
1671471,2013,192,1.4,45.49853,-87.7812
1671492,2013,197,2.1,45.74493,-87.62663
1671493,2013,199,16.6,45.77809,-87.51579
1671494,2013,89,0.5,43.58833,-84.29984
1671495,2013,92,4.1,43.78629,-84.38996
1671496,2013,92,2.0,43.741890000000005,-84.29769
1671497,2013,92,0.3,43.74201,-84.29134
1671498,2013,112,0.5,43.733059999999995,-84.54648
1671499,2013,123,0.5,43.678428000000004,-84.467229
1671500,2013,124,2.6,43.71215,-84.336672
1671501,2013,125,0.2,43.538127,-84.351376
1671502,2013,127,0.3,43.612140000000004,-84.405454
1671503,2013,136,0.9,43.55943,-84.529062
1671504,2013,136,0.2,43.730514,-84.53064499999999
1671505,2013,137,0.5,43.592208,-84.40866
1671506,2013,253,0.1,43.810097,-84.408858
1671527,2013,260,0.1,43.66222,-84.43392
1671528,2013,257,1.1,42.591390000000004,-85.68448000000001
1671529,2013,93,11.3,44.9326,-83.53532
1671530,2013,93,0.8,44.92492,-83.57436
1671531,2013,94,0.5,44.87683,-83.55552
1671532,2013,111,1.5,45.1779,-83.54361
1671533,2013,112,0.5,44.962061,-83.525966
1671534,2013,117,0.4,45.06073,-83.76769
1671535,2013,124,0.7,44.8829,-83.52346999999999
1671536,2013,271,0.1,43.681740000000005,-84.48810999999999
1671537,2013,318,0.2,43.794340000000005,-84.49122
1671538,2013,322,0.7,43.5398,-84.50572
1671539,2013,112,1.2,44.318568,-85.167197
1671540,2013,112,9.7,44.454223999999996,-85.186032
1671541,2013,117,0.5,44.47242,-85.263111
1671580,2013,128,0.6,44.312751,-85.28286999999999
1671581,2013,125,5.5,44.247759,-85.290638
1671582,2013,197,0.5,44.337306,-85.075942
1671583,2013,106,8.2,44.9994,-84.2339
1671584,2013,127,1.0,44.31705,-84.8107
1671585,2013,128,1.5,44.2841,-84.74135
1671586,2013,136,0.5,44.302440000000004,-84.6016
1671587,2013,191,2.0,44.445879999999995,-84.59626999999999
1671588,2013,191,0.5,44.43938,-84.5967
1671589,2013,125,0.5,45.008140000000004,-83.77159
1671590,2013,127,1.3,44.96445,-83.53447
1671591,2013,170,0.8,44.89581,-83.55238
1671592,2013,188,5.1,44.88536,-83.8279
1671593,2013,228,2.3,45.043145,-85.182581
1671594,2013,237,8.2,44.895161,-85.086579
1671637,2013,2,0.1,44.069379999999995,-83.90587
1671638,2013,124,2.2,44.1253,-83.75246
1671639,2013,135,0.1,44.15842,-83.87029
1671640,2013,235,0.1,43.98247,-84.0161
1671641,2013,260,0.9,44.04909,-84.07956
1671642,2013,266,2.3,46.822340000000004,-88.17474
1671643,2013,273,0.2,46.5843,-88.53748
1671644,2013,273,0.2,46.58126,-88.53674000000001
1671645,2013,96,52.0,42.439238,-85.309394
1671646,2013,216,1.5,44.44482,-84.39234
1671647,2013,169,5.1,46.09507,-86.33086
1671648,2013,112,6.2,44.306144,-85.348268
1671649,2013,118,0.3,44.257086,-85.366374
1671650,2013,122,0.1,44.31043,-85.41696
1671651,2013,122,0.1,44.31046,-85.41718
1671677,2013,129,0.3,44.293040999999995,-85.43933
1671678,2013,225,0.1,44.447909,-85.401928
1671679,2013,239,0.1,44.213665999999996,-85.38620300000001
1671680,2013,127,0.1,42.762658,-85.407329
1671681,2013,135,19.0,43.87227,-83.918025
1671682,2013,135,9.0,43.838390000000004,-83.92161999999999
1671683,2013,135,4.0,43.825759999999995,-83.92135999999999
1671684,2013,220,0.1,41.764769,-84.85679
1671685,2013,127,0.4,45.201693,-84.669358
1671686,2013,133,0.3,45.3414,-84.51751
1671687,2013,139,0.4,45.44148,-84.30041999999999
1671688,2013,206,0.5,45.273509999999995,-84.5659
1671689,2013,123,0.6,46.37988,-84.20034
1671690,2013,125,11.6,46.07374,-84.23129
1671691,2013,126,4.2,46.27459,-84.25014
1671716,2013,127,0.4,46.467079999999996,-84.41993000000001
1671717,2013,128,13.6,46.007540000000006,-83.58691999999999
1671718,2013,184,1.5,45.98124,-83.67322
1671719,2013,146,0.2,44.01542,-84.68632
1671720,2013,147,2.4,43.962509999999995,-84.77289
1671721,2013,147,1.6,44.04268,-84.83596999999999
1671722,2013,199,0.2,44.11889,-84.77127
1671723,2013,230,0.5,44.074259999999995,-84.69003000000001
1671724,2013,284,0.3,44.07097,-84.81605
1671725,2013,273,0.1,42.787822,-84.555802
1671726,2013,117,3.2,44.66502,-84.62026999999999
1671727,2013,117,6.0,44.66435,-84.61888
1671728,2013,117,1.2,44.511163,-84.81220400000001
1671729,2013,117,2.2,44.51701,-84.80635
1671730,2013,122,2.7,44.80428,-84.8054
1671748,2013,124,1.1,44.51886,-84.84905
1671749,2013,134,1.0,44.63746,-84.84763000000001
1671750,2013,136,0.5,44.63047,-84.58972
1671751,2013,226,0.6,44.78718,-84.64265999999999
1671752,2013,230,6.2,44.579029999999996,-84.62031
1671753,2013,232,0.2,44.81644,-84.75333
1671754,2013,237,2.5,44.74987,-84.45139
1671755,2013,94,0.9,44.04671,-84.92575
1671756,2013,111,0.7,44.0512,-84.80703000000001
1671757,2013,112,0.7,43.95596,-84.93463
1671758,2013,112,0.1,44.03147,-84.66833000000001
1671759,2013,117,7.0,43.96007,-84.99750999999999
1671760,2013,121,0.6,43.9488,-84.76899999999999
1671761,2013,122,0.6,43.98472,-84.70616
1671762,2013,122,2.1,44.13963,-84.88248
1671763,2013,124,0.2,43.982859999999995,-84.70621
1671764,2013,124,1.1,44.05164,-84.83830999999999
1671765,2013,124,0.8,44.04302,-84.81851
1671766,2013,124,1.7,43.9817,-84.79523
1671767,2013,125,0.5,44.007909999999995,-84.9009
1671768,2013,125,2.9,44.14978,-84.63409
1671769,2013,126,1.2,44.075309999999995,-84.83041
1671770,2013,127,0.5,44.097840000000005,-84.78451
1671771,2013,127,2.0,44.01206,-85.06865
1671772,2013,136,0.3,44.08941,-84.78532
1671773,2013,146,0.2,44.0513,-84.79884
1671774,2013,93,5.0,44.64437,-83.30755
1671775,2013,95,5.6,44.669140000000006,-83.36001
1671776,2013,107,2.0,44.656940000000006,-83.35383
1671794,2013,339,0.1,43.020564,-82.899465
1671910,2013,139,42.8,45.425670000000004,-87.84839000000001
1671927,2013,318,0.1,43.64354,-84.43061
1671928,2013,74,0.5,44.62747,-83.41286
1671935,2013,206,0.1,45.37959,-84.76895999999999
1723331,2014,144,0.9,44.59888889,-84.26
1723332,2014,156,0.1,43.975,-85.84166667
1723333,2014,203,0.2,44.57361111,-83.69972222
1723334,2014,168,0.1,44.45361111,-83.79138889
1723335,2014,145,1.6,44.27888889,-83.73916667
1723336,2014,109,1.0,44.48833333,-83.81694444
1723337,2014,110,2.5,43.88305556,-85.81333333
1723338,2014,167,0.2,43.85055556,-85.85
1723339,2014,145,0.1,44.21666667,-85.95444444
1723340,2014,111,0.25,43.41777778,-85.74083333
1723341,2014,114,1.0,43.4825,-85.77583333
1723342,2014,139,1.0,43.4175,-85.67861111
1723343,2014,143,1.0,43.51222222,-85.7
1723344,2014,116,0.25,43.71333333,-85.82138889
1723345,2014,101,3.0,43.7125,-85.98777778
1723346,2014,152,0.1,44.44527778,-83.96194444
1723347,2014,196,0.1,44.29055556,-83.59305556
1723348,2014,218,0.1,44.33972222,-83.70333333
1723349,2014,152,1.0,43.53,-85.80444444
1723350,2014,182,0.1,44.23333333,-86.08611111
1723351,2014,156,1.3,43.44111111,-85.70333333
1723352,2014,111,0.25,43.43972222,-85.69583333
1723353,2014,167,0.1,44.47277778,-83.57027778
1723354,2014,279,0.1,44.46027778,-83.78583333
1723355,2014,139,0.1,44.26361111,-83.43833333
1723356,2014,311,0.1,44.26583333,-83.62527778
1723357,2014,113,26.0,44.24666667,-83.7675
1723358,2014,120,0.1,44.28,-83.45972222
1723359,2014,129,0.1,44.56777778,-83.70194444
1723360,2014,227,5.0,44.14027778,-86.01222222
1723361,2014,150,1.03,44.17638889,-85.94972222
1723362,2014,166,0.5,44.36888889,-85.82277778
1723363,2014,149,1.0,43.94805556,-86.08972222
1723364,2014,143,0.1,44.04083333,-86.14
1723365,2014,303,0.2,44.17277778,-86.35222222
1723366,2014,118,0.1,43.60472222,-85.77055556
1723367,2014,150,0.13,43.54416667,-85.76638889
1723368,2014,118,2.0,43.46722222,-85.75277778
1723369,2014,162,2.0,43.385,-85.75111111
1723370,2014,221,0.1,43.39361111,-85.70638889
1723371,2014,118,0.1,44.63972222,-84.20083333
1723372,2014,118,0.1,44.63777778,-84.19972222
1723373,2014,138,0.8,44.23694444,-86.04
1723374,2014,103,0.01,44.11694444,-86.27583333
1723375,2014,147,0.1,44.28722222,-83.42138889
1723376,2014,222,0.1,44.41666667,-83.86277778
1723377,2014,113,0.31,44.19888889,-86.00638889
1723378,2014,151,0.1,44.5625,-83.72472222
1723379,2014,167,0.01,44.14083333,-85.95611111
1723380,2014,144,1.0,44.11944444,-85.9275
1723381,2014,213,0.3,44.61861111,-84.12972222
1723382,2014,213,0.08,44.6325,-84.13
1723383,2014,113,10.25,44.51,-83.68972222
1723384,2014,110,0.1,44.48694444,-83.84638889
1723385,2014,139,0.5,44.35277778,-83.54972222
1723386,2014,139,0.1,44.32083333,-83.55277778
1723387,2014,155,0.1,44.32972222,-83.68305556
1723388,2014,138,2.5,44.14194444,-85.94611111
1723389,2014,110,10.5,43.87972222,-85.76111111
1723390,2014,130,15.0,44.13222222,-85.8525
1723391,2014,144,0.1,44.54527778,-84.12722222
1723392,2014,145,0.1,44.56861111,-83.65527778
1723393,2014,146,0.1,44.46138889,-83.77805556
1723394,2014,167,0.3,44.29388889,-83.41638889
1723395,2014,131,0.25,44.16416667,-85.85916667
1723396,2014,182,0.1,44.61888889,-84.12944444
1723405,2014,207,0.1,45.945,-84.85805556
1723406,2014,164,0.1,46.41888889,-85.06305556
1723407,2014,156,2.5,45.89611111,-84.75611111
1728412,2014,100,2.25,44.48222222,-83.85527778
1728413,2014,281,0.1,43.64111111,-85.71861111
1728414,2014,219,0.1,43.81194444,-85.84972222
1728415,2014,108,0.1,44.45,-83.76
1728416,2014,156,0.1,43.63083333,-85.64166667
1728417,2014,252,0.25,43.53888889,-85.77083333
1728418,2014,146,0.1,44.42333333,-83.57527778
1728419,2014,144,0.2,44.265,-85.94583333
1728420,2014,99,0.2,44.36277778,-83.79972222
1728421,2014,146,0.1,44.24472222,-86.195
1728422,2014,185,1.2,44.52638889,-84.25
1728423,2014,213,0.25,44.61861111,-84.12972222
1728424,2014,220,0.1,44.64222222,-84.13
1728425,2014,160,0.1,44.66611111,-84.10027778
1728426,2014,144,0.4,44.21666667,-85.65722222
1728427,2014,99,0.1,43.39333333,-85.65361111
1728428,2014,118,0.1,44.26722222,-86.01166667
1728429,2014,176,0.1,44.35527778,-85.83444444
1728557,2014,186,0.1,46.05472222,-84.96305556
1728558,2014,156,0.1,46.30333333,-85.00611111
1728559,2014,223,0.1,46.41138889,-86.97666667
1728560,2014,144,0.1,45.9225,-86.91444444
1728561,2014,217,2.46,46.23444444,-84.88027778
1728562,2014,165,1.83,46.41888889,-85.06305556
1728563,2014,219,0.01,45.985,-84.93166667
1728564,2014,218,0.1,46.06944444,-86.53472222
1728941,2014,217,9.2,46.28301546,-86.09630165
1731243,2014,125,0.3,43.5972,-84.7306
1738542,2014,219,1.7,46.06843,-86.32347
1739079,2014,264,0.1,44.62222,-85.35474
1739519,2014,151,16.8,44.03463,-84.82970999999999
1739664,2014,226,1.0,44.63524,-85.10585999999999
1739902,2014,101,0.2,42.57458,-85.40796
1739926,2014,110,2.0,44.69628,-83.80676
1739943,2014,114,0.5,43.81388,-85.226496
1739961,2014,118,0.1,44.03957,-85.04123
1739963,2014,118,1.0,44.42927,-84.94768
1739964,2014,118,1.0,43.92993,-85.82099000000001
1739970,2014,118,1.3,44.373810999999996,-85.259599
1739971,2014,118,0.3,45.571360999999996,-84.731167
1739972,2014,118,7.8,44.82628,-84.14339
1739974,2014,119,2.2,46.18862,-88.4014
1739977,2014,121,0.2,44.68,-83.41593
1740008,2014,130,2.0,44.62617,-83.354355
1740023,2014,141,0.2,43.993520000000004,-84.91776
1740027,2014,144,0.1,45.40675,-84.22834
1740030,2014,146,0.2,44.07423,-84.80946999999999
1740039,2014,150,1.3,45.568999999999996,-84.523
1740040,2014,151,2.0,44.75345,-83.816
1740043,2014,152,0.1,46.201244,-88.38972
1740046,2014,154,0.1,45.148148,-85.04585300000001
1740061,2014,166,16.6,46.36013,-87.55966
1740074,2014,181,5.0,45.78626,-87.78289000000001
1740252,2014,298,9.8,46.06557,-88.36697
1740976,2014,100,0.1,44.97973,-84.58866
1741005,2014,132,0.2,44.682122,-83.577928
1741010,2014,139,0.6,46.40237,-87.55570999999999
1741013,2014,146,3.4,43.57917,-84.9603
1741016,2014,148,0.9,45.8779,-87.6729
1741032,2014,180,1.0,44.392291,-85.229692
1742044,2014,117,0.7,44.92601,-84.44948000000001
1742045,2014,117,4.0,43.3876,-86.2434
1742048,2014,118,0.1,43.56947,-86.22891
1742176,2014,131,6.0,45.49122,-84.25471
1742217,2014,136,0.5,44.8172,-83.4427
1742235,2014,138,4.9,45.8688,-87.47823000000001
1742334,2014,148,1.5,46.33245,-88.21864000000001
1742362,2014,152,0.3,43.96005,-85.82791
1742363,2014,152,9.3,44.61203,-84.70371
1742414,2014,158,0.1,44.59098,-83.33458
1742415,2014,158,0.2,44.59095,-83.33503
1742416,2014,158,0.2,44.59097,-83.33731
1742417,2014,158,0.2,44.59094,-83.33768
1742418,2014,158,0.1,44.590990000000005,-83.33814
1742419,2014,158,0.1,44.591,-83.33854000000001
1742420,2014,158,0.2,44.591,-83.334039
1742421,2014,158,0.2,44.59101,-83.33364
1742778,2014,206,0.1,46.356965,-87.377137
1742827,2014,215,0.1,45.84036,-87.47978
1743163,2014,278,0.1,46.2518,-85.41769000000001
1745060,2014,126,0.1,46.288779999999996,-87.4657
1745112,2014,142,11.3,43.62064,-84.53766
1746657,2014,100,30.2,42.570134,-83.57202
1746713,2014,106,2.5,44.061409999999995,-83.95435
1746751,2014,110,5.4,42.340098,-85.57474300000001
1746812,2014,117,0.1,45.222133,-84.81153499999999
1746814,2014,117,0.1,44.139228,-84.572773
1746881,2014,130,3.0,44.93312,-84.19749
1746939,2014,144,1.0,44.0233,-85.03349
1746940,2014,144,4.3,45.271,-84.649
1746941,2014,144,1.0,46.3107,-87.39483
1746948,2014,145,1.5,46.15934,-88.31668
1746964,2014,149,1.2,43.74899,-84.45295
1746970,2014,152,0.1,44.1071,-84.9588
1747000,2014,166,2.0,44.766059999999996,-85.32791999999999
1747001,2014,166,1.0,44.716,-84.76286999999999
1747014,2014,173,0.5,46.2785,-87.55894
1747023,2014,180,1.2,46.89501,-88.02091
1747044,2014,186,0.8,45.497594,-84.85076
1747351,2014,271,0.1,42.52681,-85.9324
1747472,2014,298,0.3,43.916484999999994,-85.32708199999999
1747473,2014,298,7.7,43.71841,-84.26615
1755224,2014,96,6.7,44.016009999999994,-83.820036
1755309,2014,98,0.8,43.597609999999996,-84.51106
1755320,2014,99,0.7,43.79551,-84.76657
1755369,2014,99,7.2,43.507490000000004,-84.26934
1755370,2014,99,6.6,45.12052,-83.7155
1755371,2014,99,0.2,45.043279999999996,-83.81355
1755680,2014,101,8.9,42.63258,-85.16247
1756180,2014,109,0.2,44.81431,-83.3584
1756278,2014,110,21.8,42.2596,-83.9317
1756286,2014,110,0.6,45.03213,-83.55896
1756366,2014,111,27.0,42.503640000000004,-86.0525
1756476,2014,111,0.3,44.1137,-83.97901
1756478,2014,111,3.9,44.01037,-84.5392
1756480,2014,111,154.0,41.829966,-85.038854
1756547,2014,113,1.4,43.51603,-84.19117
1756607,2014,113,0.2,44.70702,-83.39473000000001
1756618,2014,114,0.2,43.57546,-84.60488000000001
1756694,2014,114,0.9,44.10718,-84.54763
1756863,2014,117,1.0,44.84339,-85.26545
1756870,2014,118,3.0,44.28712,-84.603
1756874,2014,118,0.5,44.04629,-84.80629
1756887,2014,118,0.8,45.380083,-84.741694
1756891,2014,118,0.8,44.68795,-85.18162
1756892,2014,118,5.3,44.27194,-84.06663
1756943,2014,120,0.1,42.11685,-85.98368
1756944,2014,120,0.1,42.117129999999996,-85.98527
1756945,2014,120,0.1,42.11691,-85.98325
1756946,2014,120,0.1,42.1171,-85.98669
1756947,2014,120,0.1,42.11554,-85.98634
1756948,2014,120,0.1,42.11643,-85.98669
1756949,2014,120,0.1,42.115790000000004,-85.9845
1757158,2014,126,0.1,45.003003,-83.662224
1757167,2014,126,1.0,44.910059999999994,-84.87957
1757365,2014,130,2.0,46.420840000000005,-87.31402
1757381,2014,131,0.1,44.914371,-84.37920600000001
1757382,2014,131,0.1,45.017486,-84.513102
1757383,2014,131,0.2,45.78734,-87.10700000000001
1757428,2014,132,0.1,42.7465,-84.1165
1757448,2014,134,1.0,46.76086,-87.68623000000001
1757529,2014,138,3.8,44.50468,-84.15015
1757537,2014,139,1.0,46.487427000000004,-87.115902
1757555,2014,139,0.1,46.30849,-85.50901999999999
1757635,2014,142,1.0,44.35331,-84.23864
1757669,2014,144,0.1,45.266000000000005,-84.634
1757703,2014,144,0.3,45.140541,-83.64384799999999
1757705,2014,145,0.1,45.098079999999996,-84.06602
1757706,2014,145,0.1,45.09555,-84.69534
1757761,2014,146,0.1,44.135020000000004,-84.62744
1757772,2014,147,0.3,44.394059999999996,-85.22725
1757848,2014,152,0.1,44.577324,-85.321272
1757859,2014,151,1.0,46.2627,-84.49118
1757910,2014,155,0.9,45.43899999999999,-85.01899999999999
1757928,2014,157,1.0,44.4134,-85.5308
1757939,2014,157,0.2,45.064370000000004,-83.66632800000001
1757940,2014,157,0.3,45.135357,-83.72584599999999
1757970,2014,160,0.5,43.49493,-84.56557
1758221,2014,178,5.1,44.804970000000004,-85.411125
1758473,2014,192,4.6,44.738499,-85.055881
1758777,2014,221,0.6,44.00481,-84.94999
1759854,2014,300,6.6,42.41957,-86.05100999999999
1760452,2014,315,1.0,42.549587,-83.566375
1767087,2014,111,0.6,45.88494,-88.05136999999999
1769283,2014,101,0.6,43.59717,-85.44359
1770129,2014,130,1.1,46.12265,-88.29719
1770513,2014,165,0.1,46.10131,-88.30954
1772889,2014,110,0.5,43.84012,-84.77071
1772996,2014,139,0.1,43.2638,-86.0624
1773016,2014,148,0.2,45.024984,-84.709902
1773022,2014,149,0.4,45.09768,-83.43697
1773024,2014,150,0.1,44.46196,-84.57882
1773243,2014,299,0.5,44.93897,-83.78914
1776311,2014,100,0.2,43.89744,-84.70574
1776314,2014,100,5.0,44.22545,-83.81145
1776442,2014,101,1.0,45.043673,-84.45031800000001
1777142,2014,113,0.3,45.58944,-84.41691999999999
1777874,2014,130,6.5,44.45579,-84.7711
1777931,2014,131,18.3,44.12226,-84.77046
1777932,2014,131,1.0,46.3093,-87.37124
1778073,2014,137,32.1,44.802304,-84.562713
1778084,2014,138,0.2,44.80203,-84.516502
1778085,2014,138,1.3,44.8017,-84.51525
1778132,2014,139,1.0,44.563441,-84.777353
1778394,2014,147,1.6,46.2887,-87.46453000000001
1778395,2014,147,2.6,45.01716,-84.07945
1778444,2014,149,0.2,44.955614000000004,-83.629072
1778482,2014,151,0.1,44.994521,-84.656839
1778638,2014,156,1.0,45.358290000000004,-83.92345
1778696,2014,158,0.7,43.2117,-86.2081
1778874,2014,167,1.8,44.078509999999994,-83.87527
1779706,2014,202,0.1,46.30304,-85.49323000000001
1780128,2014,221,0.6,45.88929,-88.09265
1780152,2014,222,0.2,43.3954,-86.0922
1780848,2014,258,0.1,44.0638,-85.74168
1792296,2015,83,1.0,43.39916667,-85.66833333
1792297,2015,91,0.5,45.87277778,-86.94638889
1792298,2015,208,0.1,44.66333333,-84.02027778
1792299,2015,116,0.5,43.54527778,-85.85222222
1792300,2015,91,0.15,44.19388889,-83.72277778
1792301,2015,108,85.3,44.01916667,-85.26777778
1792302,2015,172,0.5,43.49861111,-85.68611111
1792303,2015,147,0.1,44.66333333,-84.02027778
1792304,2015,213,0.1,44.09555556,-86.41166667
1792305,2015,102,0.25,44.12888889,-86.39583333
1792306,2015,243,0.1,44.22527778,-86.04333333
1792307,2015,143,5.0,44.31972222,-85.97333333
1792308,2015,277,0.1,44.2625,-86.025
1792309,2015,122,0.3,43.87472222,-86.14194444
1792310,2015,128,1.0,43.80277778,-86.18305556
1792311,2015,139,4.8,44.44916667,-83.55583333
1792312,2015,124,0.01,46.21666667,-89.29611111
1792313,2015,107,0.25,46.23222222,-88.71666667
1792325,2015,250,0.1,46.39277778,-84.75916667
1792326,2015,108,1.0,46.17444444,-84.99583333
1792327,2015,148,0.25,46.41527778,-84.96722222
1792328,2015,169,0.1,45.90444444,-84.85416667
1792329,2015,123,23.0,46.10777778,-84.95833333
1793637,2015,115,0.25,44.21444444,-86.33777778
1793638,2015,108,0.5,43.82666667,-85.85055556
1793639,2015,102,4.0,43.69277778,-85.82777778
1793640,2015,208,0.1,43.89972222,-85.84527778
1793641,2015,208,0.1,43.90388889,-85.84916667
1793642,2015,108,3.3,44.46,-83.915
1793643,2015,199,0.17,44.40694444,-84.16583333
1793644,2015,123,1.23,44.51194444,-83.65166667
1793645,2015,136,1.5,44.35333333,-83.62027778
1793646,2015,217,0.01,44.26444444,-83.53638889
1793647,2015,105,0.2,44.48277778,-83.85611111
1793648,2015,88,0.6,44.37833333,-83.79972222
1793649,2015,106,0.22,44.27888889,-83.69166667
1793650,2015,101,1.4,44.425,-83.38027778
1793651,2015,104,3.7,44.31277778,-83.78388889
1793652,2015,141,0.1,44.27638889,-83.44972222
1793653,2015,109,1.0,43.90611111,-85.84611111
1793654,2015,109,1.0,43.81694444,-85.96222222
1793655,2015,142,0.1,44.13888889,-85.82527778
1793656,2015,105,0.1,43.84972222,-85.96138889
1793657,2015,134,0.5,43.86611111,-85.76611111
1793658,2015,123,0.5,43.845,-85.94833333
1793659,2015,122,0.1,43.90222222,-85.83888889
1793660,2015,122,0.1,43.86111111,-85.76972222
1793661,2015,154,0.25,43.85361111,-85.96861111
1793662,2015,124,0.25,44.08638889,-86.17888889
1793663,2015,212,0.25,43.94861111,-86.10416667
1793664,2015,90,1.0,44.10138889,-86.19027778
1793665,2015,211,1.0,44.09666667,-86.27972222
1793666,2015,83,2.0,43.98972222,-86.07138889
1793667,2015,96,0.1,43.94583333,-86.07555556
1793668,2015,92,2.0,43.79944444,-85.79083333
1793669,2015,108,0.25,43.57555556,-85.81277778
1793670,2015,109,0.1,43.40388889,-85.81055556
1793671,2015,102,0.42,43.52638889,-85.76416667
1793672,2015,108,1.5,43.46916667,-85.66583333
1793673,2015,83,0.1,43.38027778,-85.72472222
1793674,2015,105,0.5,43.64777778,-86.01888889
1793675,2015,122,0.1,43.60277778,-85.77138889
1793676,2015,81,2.0,43.75666667,-85.64111111
1793677,2015,116,0.1,43.40638889,-85.77055556
1793678,2015,118,0.5,43.39916667,-85.80222222
1793679,2015,213,1.0,43.64166667,-86.03916667
1793680,2015,83,0.1,43.45305556,-85.605
1793681,2015,108,4.1,43.58305556,-85.74583333
1793682,2015,116,0.5,43.80583333,-85.85138889
1793683,2015,94,1.0,43.39527778,-85.58305556
1793684,2015,122,0.5,43.38305556,-85.74527778
1793685,2015,144,0.5,43.48388889,-85.61416667
1793686,2015,120,0.6,43.49194444,-85.67222222
1793687,2015,123,18.3,43.72583333,-85.81555556
1793688,2015,82,5.6,43.45472222,-85.60555556
1793689,2015,122,0.1,43.54833333,-85.79111111
1793690,2015,140,0.6,44.57388889,-84.33527778
1793691,2015,102,1.0,44.30861111,-86.02361111
1793692,2015,137,0.1,44.41583333,-83.425
1793693,2015,142,4.66,44.24,-86.2925
1793694,2015,221,0.01,44.61222222,-83.83722222
1793695,2015,143,0.1,44.55472222,-83.63805556
1793696,2015,191,3.4,44.42277778,-83.43194444
1793697,2015,100,0.1,44.31222222,-83.6025
1793698,2015,186,0.1,44.31666667,-83.6
1793699,2015,217,0.01,44.4575,-83.885
1793700,2015,119,0.1,44.28527778,-83.47638889
1793701,2015,116,0.1,44.45694444,-83.76777778
1793702,2015,109,0.1,44.41111111,-83.77861111
1793703,2015,186,0.1,43.8975,-85.85166667
1793704,2015,143,0.6,44.06583333,-85.89361111
1793705,2015,107,0.13,43.85,-85.80444444
1793706,2015,124,0.1,44.18916667,-85.97555556
1793707,2015,81,16.0,43.67083333,-85.64055556
1793708,2015,174,0.1,43.88666667,-85.82916667
1793709,2015,80,1.5,43.395,-85.58333333
1793710,2015,119,2.0,43.61388889,-85.92027778
1793711,2015,117,1.0,43.44805556,-85.75666667
1793712,2015,143,1.0,43.36888889,-85.72833333
1793713,2015,123,3.0,43.52055556,-85.55222222
1793714,2015,186,0.01,44.59055556,-84.28583333
1793715,2015,146,0.22,44.61361111,-84.13
1793716,2015,211,0.1,44.64527778,-84.16944444
1793717,2015,144,2.6,44.41722222,-83.72083333
1793718,2015,144,0.01,44.45027778,-83.66944444
1793719,2015,128,2.0,44.10694444,-85.99694444
1793720,2015,122,0.5,43.62222222,-85.68944444
1793721,2015,108,0.1,43.85861111,-85.85888889
1793722,2015,109,0.25,43.39,-85.77527778
1793723,2015,214,0.1,44.35527778,-83.71305556
1793724,2015,213,0.1,44.355,-83.71388889
1793725,2015,115,0.4,43.56388889,-85.77916667
1793726,2015,186,0.2,44.55222222,-83.76
1793727,2015,192,0.1,44.65916667,-84.12083333
1793728,2015,101,18.2,43.76972222,-86.03
1793729,2015,123,0.14,44.50666667,-83.35111111
1793730,2015,120,0.5,44.14166667,-85.92166667
1793731,2015,89,0.1,44.62722222,-84.27527778
1793732,2015,310,0.1,44.67361111,-84.09555556
1793733,2015,77,22.7,44.54916667,-83.66638889
1793734,2015,81,2.27,44.31722222,-83.67805556
1793735,2015,192,0.1,44.40638889,-83.77277778
1793736,2015,108,0.6,44.34277778,-83.64194444
1793737,2015,104,0.5,44.36222222,-83.79972222
1793738,2015,83,1.0,44.10527778,-85.93833333
1793739,2015,142,0.5,44.33388889,-86.25166667
1793740,2015,178,0.1,44.23722222,-85.89055556
1793741,2015,142,3.0,44.00722222,-86.06333333
1793742,2015,109,3.5,43.45666667,-85.61027778
1793743,2015,122,3.5,43.58138889,-85.87138889
1793744,2015,122,0.1,44.595,-84.19027778
1793745,2015,82,2.0,44.22972222,-85.58305556
1793746,2015,121,11.0,43.91694444,-86.04194444
1793747,2015,123,472.0,44.63916667,-83.64583333
1793748,2015,116,0.1,44.4125,-83.80638889
1793749,2015,162,0.01,43.87583333,-85.83527778
1793750,2015,122,5.0,44.23861111,-86.26694444
1793751,2015,123,0.25,43.59638889,-85.57666667
1793752,2015,116,1.0,44.6025,-84.11666667
1793753,2015,116,0.2,44.60444444,-84.12972222
1793754,2015,127,1.04,44.3975,-83.73305556
1793755,2015,108,0.1,43.60583333,-85.76361111
1793756,2015,138,5.0,44.00888889,-85.92583333
1793757,2015,143,0.86,44.66111111,-84.09972222
1793758,2015,121,1.16,44.32194444,-83.715
1793759,2015,108,0.1,43.85888889,-85.9475
1793760,2015,101,5.0,43.44861111,-85.6925
1793761,2015,105,0.25,43.52694444,-85.62694444
1793762,2015,102,0.25,43.49361111,-85.49805556
1793763,2015,102,7.1,43.50944444,-85.7625
1793764,2015,105,0.3,43.50277778,-85.85416667
1793765,2015,79,0.1,43.39916667,-85.75416667
1793766,2015,105,15.0,43.53527778,-85.67194444
1793767,2015,116,1.2,43.38305556,-85.77222222
1793768,2015,127,0.5,43.85972222,-85.85888889
1793769,2015,105,3.0,44.14472222,-85.96638889
1793770,2015,119,0.1,43.38916667,-85.65
1793771,2015,79,1.3,44.64888889,-83.935
1793772,2015,197,0.3,44.65555556,-83.88444444
1793793,2015,119,0.5,46.12361111,-88.80361111
1793822,2015,114,1.0,45.87277778,-86.94638889
1793823,2015,207,0.1,46.15388889,-86.83416667
1793824,2015,106,0.1,45.87,-86.94916667
1793825,2015,109,0.1,45.90833333,-86.96638889
1793826,2015,168,0.3,46.08916667,-86.58277778
1793827,2015,105,0.25,45.89861111,-86.59638889
1793828,2015,123,3.0,46.21555556,-84.745
1793829,2015,129,0.1,46.01083333,-85.0125
1793830,2015,108,1.0,45.86138889,-84.79194444
1793831,2015,144,0.1,45.99138889,-84.82194444
1793832,2015,108,55.0,45.86138889,-84.79222222
1793833,2015,106,0.1,46.00944444,-85.00722222
1793834,2015,271,0.1,45.99138889,-84.82194444
1793835,2015,108,0.5,45.75916667,-86.97694444
1796040,2015,208,0.1,43.90166667,-85.85083333
1798703,2015,106,1.0,46.7806,-88.4908
1798704,2015,108,0.8,45.6569,-87.3114
1798705,2015,295,0.5,46.80311,-88.41356
